3219405.18,6592598.93,1880518.36,5285874.09,3468885.58,686654.56,3513007.7,5107710.84,4012873.47,4437774.25,3563455.7,1511015.98,5533081.91,2183402.78,3453601.77,1315107.78,877479.4,180039.65,585094.73,1116608.43,1151446.89,3092115.41,884796.73,1451784.16,967823.61,196574.9,84815.3,665098.75,488387.19,344420.26,1172981.58,850339.66,1648908.93,362609.52,211097.11,400470.8,11436885.83,0,8366988.51,152262.06,1135466.65,0,696799.59,1703.65,2811807.55,-2562,114715.99,1635624.17,0,1079.52,336827.83,12092.5,1832951.6,572068.73,482263.85,122661.84,146002.4,0,1063350.48,390743.69,6776862.22,1666354.32,2031,46,4858395.39,2450921.99,4258639.61,2964084.11,815679,527080.2,6578897.64,11787139.34,9186168.91,19370632.64,10252983.08,9034821.25,17270404.89,4056723.46,5034650.88,1691371.22,11325.37
4401251.25,9425547.92,2499148.56,6521896.32,4369410.09,973598.7,5788330.7,8395153.83,4915748.62,5554957.19,3343724.12,1106240.32,6594868.17,3047921.01,3861740.69,1972092.15,1320694.62,579641.91,822052.58,1417264.4,1847990.98,4171398.17,1188267.73,2187829.7,1336724.69,262827.51,114244.59,1016942.02,712305.22,555520.25,1680978.83,1070797.87,2516114.1,554209.17,376340.33,643535.86,12171444.43,9.36,11178962.11,370687.57,1253946.65,0,1036112.39,1923.23,4243571.41,397.5,188810.36,2226290.59,0,194.72,593217.42,14212.39,1867622.57,792952.49,3090232.73,198987.44,24591.6,0,1733911.55,662749.14,10428918.02,2429056.06,1635,117.64,4684550.87,3723902.12,4433069.25,3524554.26,816632.91,525102.12,3565416.97,13958449.81,11527284.39,23572153.03,10093222.72,10012670.17,20533191.52,4907626.13,5819700.18,2007062.32,19987.67
1047992.81,2408373.92,787830.01,1206088.67,1672437.42,287774.89,1436340.85,1188366.35,1295867.1,1554688.01,1254814.71,340855.23,1624917.82,661610.81,1125634.27,376690.55,340477.94,104577.78,240554.49,177967.74,443553.09,1560606.2,395198.71,609244.06,407557.27,71527.69,23862.42,216988.78,177881.56,125621.99,614343.88,461626.18,654899.84,205823.55,89044.58,0,15529566.07,0,2603044.48,92496.98,632481.05,0,305113.06,119.07,883634.11,311,0,949.4,0,330.12,137478.8,6589.17,1022984.52,229773.67,0,30120.05,19752,0,289072.02,157530.23,3259950.49,482619.39,1272,6,1033943.26,512.83,204389.91,964760.71,19.33,125000.33,134339.27,220227.03,45572.04,1082264.07,0,35439.9,2251610.54,562639.22,48081.23,1100.55,0
 5288131.43,13390422.1,2718786.31,8094286.22,6530582.17,1178574.21,7254125.65,9001810.5,4924515.45,5329562.44,3881854.64,1164293.27,9952291.97,4085153.85,3041631.88,2261670.56,1630171.43,434479.44,1271027.31,1267734.06,2472458.03,6611463.84,1555168.07,2236627.04,2635455.67,368926.58,131021.21,1354513.33,1098767.21,545293.89,1957016.54,1759480.04,3595402.58,625850.19,429748.1,520627.64,11453434.29,1.56,11258284.62,139484.72,1360190.05,0,778143.59,671.15,5595432.15,305.97,327770.79,988369.76,0,188.6,532177.55,18464.18,2668755.69,863797.34,869174.35,226861.92,58743.7,0,1783414.02,1099100.68,14477956.47,2949705.01,2412,43,7498441.94,2771211.5,4440905.8,4200098.9,1310054.08,390398.58,2033955.11,12762602.07,9514563.23,22789210.43,9697568.31,9746752.24,21054815.74,5483559.95,5625511.17,2146322.66,26173.66
1397761.09,1761467.32,586455.18,1410095.37,957985.92,170321.24,875801.26,1964206.45,1132532.25,1399025.54,1056634.07,359694.66,1607699.82,528731.4,1103612.17,342739.73,218589.3,2640.66,174579.09,188247.29,347497.72,878286.37,211673.29,384037.68,254855.96,53952.35,29069.38,192152.66,122572.8,93729.32,350478.36,228622.81,515195.05,166177.73,83950.11,0,7893570.24,0,2764046.28,75039.71,419292.61,0,188394.51,1282.59,700075.02,426,0,2191.93,0,33.4,75906.5,4499.94,492649.3,174505.29,103670,8060.37,33824,0,434271.63,65302.56,1666882.23,503898.82,930.15,6,716311.66,18.24,374064.71,555953.61,0,133716.02,1442810.2,437511.36,208382.7,1109566.4,0,30445.93,2765719.24,855950.97,84717.93,689.45,0
 3413060.19,7188529.53,2403349.35,4888793.41,4928538.99,1033256.03,4937342.47,6803613.93,6902761.6,6783416.34,3129143.03,955700.27,5397811.19,3658475.02,4033173.08,2330469.92,1299601.38,369698.58,1329879.78,1344000.58,2693140.58,4367064.67,970881.47,1970209.87,1301105.43,257194.63,82730.57,980707.43,717898.35,464541.76,1625885.64,1031595.06,2588507.54,507857.88,494208.77,559382.98,11231963.48,0,9414222.99,377740.56,1344116.35,0,1112607.53,2613.53,3947110.59,-756.42,250961.87,1786972.78,0,249.83,601806.86,22135.7,2346316.04,933915.29,428066.91,145395.12,26922.88,0,1673265.98,822550.43,11466766.9,3132082.88,1250.37,68,3497356.52,1962591.8,2209985.74,2876011.53,576434.99,383651.79,5775806.81,7681297.35,6473667.94,14160545.9,5914430.12,5963342.17,12756856.44,4354427.54,2951186.39,1391118.39,15545.47
1364620.58,3232327.78,1234595.78,2137924.16,1982030.12,905179.82,1562383.26,1997798.57,4250351.26,3022528.12,2196808.06,811420.97,2133063.56,1445451.79,1971748.19,796281.97,404315.52,24349.76,447272.33,269592.92,974457.44,2021764.64,365474.43,746458.61,278694.96,92182.5,27265.74,194996.58,157753.45,257336.97,768874.95,325977.38,669868.31,57636.01,268970.15,0,4497609.5,0,4519279.35,229658.63,927361.05,0,509437.1,1939.79,2097828.41,-158.5,115026,2383.11,0,1379.36,186416.89,8174.5,946165.29,917756.7,97262.85,9534.27,14261.96,0,570518.82,342353.41,6447844.96,1389121.35,1173,12,837537.74,60840.49,918991.2,1358637.56,80373.87,294034.41,1589190.06,1981752.04,1467734.84,3793917.35,189929.49,80423.24,4891757.91,160643.8,625614.69,36785.01,15
2114945.31,5109364.51,1527712.63,3015771.23,2836955.44,485545.84,2898430.36,3780708.98,1686350.62,2955300.03,2663812.79,1019953.33,3611834.86,1540361.3,2359567.75,1071704.78,731300.89,152419.97,539286.71,670064.02,1020750.2,2101109.38,633402.9,972568.24,880316.72,132106.36,45285.36,416886.48,333942.44,202445.05,830506.14,731465.16,1197169.41,269622.24,141450.51,321552.95,8381164.64,0,5438129.94,164030.89,755621.89,0,529130.66,86.33,2564472.09,503.5,0,324952.1,0,104.32,278165.83,8622.64,1011301.87,733580.14,265332,88790.09,33797.4,0,757651.22,328799.8,5344391.81,1306599.23,999,72.28,3022875.03,1314014.86,1800571.29,2120121.93,376565.83,332025.99,2889197.11,5624699.96,4508870.21,8646585.09,3934735.85,3638288.66,9002059.31,50.96,2427906.41,983906.7,10435.38
1694057.83,3570635.27,1072122.02,2454730.53,2757432.68,401317.54,1977217.29,3063699.31,1887109.47,1831898.69,2105113.15,924647.44,3165076.29,1053841.3,1717939.48,707995.73,451106.52,206601.36,367214.69,516871.89,706684.92,1573084.33,354318.82,744304.48,576686.22,100562.95,35227.43,274472.66,228999.91,157358.92,637551.6,366661.91,816684.31,206742.88,113671.91,0,11184287.78,0,4169616.04,144172.9,438138.88,0,475954.44,254.28,1111552.08,-55.26,50410,2697.7,0,14.16,239125.62,5752.38,1230808.22,432934.81,0,25118.05,8158.78,0,499557.09,198639.34,4614446.57,1042362.33,954,0,1745867.54,-155.02,340595.1,1420540.85,0,125358.01,2100650.4,426318.68,124306.08,2019598.03,42.48,44334.33,4229232.26,514243.41,3353.9,391.02,0
 5709294.87,15700726.68,4588323.95,6946915.17,8347404.82,1509586.76,8431954.34,12403798.07,9214451.32,6879453.08,4706389.6,1321771.67,8980266.65,5726383.2,4329164.09,3890541.42,1916873.05,440023.65,2223857.89,1384088.72,3663507.58,9399368.06,2170628.88,3023251.13,2459188.4,623683.99,189779.2,2245646.75,1643087.01,875496.06,3084688.68,2133465.99,6256746.87,1228687.33,522636.09,578903.96,12593725.11,0,14280921.17,1555174.13,1660065.48,0,1269625.17,2622.25,7859995.67,-2329,311025.2,2833619.7,608845.42,455.37,737714.6,30202.42,2947042.38,181016.32,651327.58,286931.09,71795.2,0,1909446.62,2254896.29,20410926.56,6002564.4,1590,48,5403651.41,50789.59,1516807.88,3362846.34,39961.21,419486.43,3441451.09,2043737.38,1816608.28,7214454.67,203119.84,39777.15,10488285.62,1584393.76,761261.43,21799.7,0
 2697110.41,8167348.65,2520915.35,4123797.47,5242861.04,847315.28,4982707.51,4921409.29,2725031.19,3353348.96,2580440.75,613999.6,5895624.9,3524165.37,2198072.51,1912358.78,1390167.36,117718.14,1377799.56,1082738.31,2216529.21,4908115.14,1228701.88,1633010.72,1620601.08,315048.66,130484.92,1319287.22,967433.29,421427.5,1539532.15,1193834.15,3200217.05,603844.51,425575.9,562456.15,10518425.83,0,7670612.25,185292.21,879871.58,0,774236.62,1275.84,3930191.96,23,30,1161538.63,79,435.1,365854.89,33884.93,1803138.66,478609.07,471684.97,151209.11,15767.4,0,1447158.71,1381559.61,10331305.11,3331500.71,1697.12,65,4482238.9,1922866.88,1850996.5,3285972.04,475845.32,275281.18,2116679.14,7006425.74,6010343.01,11067162.05,4665211.08,5358787.51,11080680.91,3100997.73,2373256.25,1368560.26,25005.03
2478202.53,10652763.01,2507540.99,3814351.71,3969137.26,963988.01,4896670.23,6038842.1,2796083.36,2570455.19,2543938.11,697593.99,6717422.85,2819851.27,1083879.59,1668353.71,1127818.11,421729.32,937897.15,604258.11,1442273.14,5549827.25,1599127.97,2878582.82,1965996.89,288456.22,125862.72,997204.55,850950.12,502023.32,1359492.69,1557024.64,3329685.06,422230.71,352996.02,0,7426831.29,0,6923319.5,110174.53,857422.95,0,965773.75,2272.89,4691219.99,-965.78,0,1492.44,0,131.54,544400.6,17641.64,2027650.3,143059.39,353550.44,178753.5,59988.8,0,889956.24,1090946.59,8656679.78,2542126.37,1307.28,89,6187658.28,7963.04,1044702.58,2181397.36,29756.3,326631.99,1637701.16,1581605.09,969517.33,3529611.68,80494.3,37302.72,6207037.03,109.5,342469.95,106908.21,29.88
6723925.13,10916614.28,3734677.19,6086548.39,8120531.67,1127816.26,8565233.62,5182158.12,5896811.66,4208758.73,3043152.94,1133510.59,6820931,3772146.12,3182533.94,2533001.6,1990597.8,569133.43,1255823.03,1303744.05,2356209.24,4320925,1491031.41,2171003.14,1853121.04,383955.02,201685.3,879739.71,646411.56,568816.69,1463490.12,1558385.41,2745786.42,523462.08,352475.94,502064.03,11938483.1,0,11118579.86,394341.03,1146270.32,1.07,1468629.75,2041.45,5923444.75,2212.94,183679.26,1316590.91,311138.75,1219.74,654851.38,16097.6,2867955.09,965450.41,1072741.85,189880.6,135989.2,0,2319354.98,1390424.78,11028044.09,4258553.37,1272,90.8,7627331.88,2699045.44,4758502.78,4664593.37,720316.49,687343.65,2197302.73,16529671.45,11622037.71,23170876.2,7153566.02,10799771.04,19568811.27,1310606.43,3940616.57,2142258.03,31502
4377485.02,11111794.69,2776813.18,7569894.23,4785970.48,1003406.66,7615629.49,7639826.46,3149661.3,2883690.4,2911436.11,781912.46,8581406.22,3542836.15,4239541.04,3299781.33,1742143.37,148999.96,1626703.24,1243723.54,2670884.37,5143459.85,1313709.16,2035051.38,1722885.55,366653.62,175005.21,1412897.53,956875.41,543984.35,1832864.3,1360463.68,3504142.29,577003.86,488437.04,0,14780483.91,0,10346973.93,579803.49,1125268.48,0.25,768928.77,199.6,4676305.29,-186.67,0,1696629.6,312729.8,3264.8,338929.62,19775.17,2266581.15,850927.21,1166485.88,195637.28,53110.96,0,2092364.58,1400777.73,13462139.1,3716581,993,35.88,5402838.99,5096234.03,5775591.09,3838827.35,1563488.77,341061.34,2486474.09,15325988.39,13071120.15,26101497.71,8878673.08,9229386.69,20655911.35,67.52,3672883.18,2540825.96,27328.91
1979941.94,3763389.74,1497326.11,1870750.66,2354596.1,606912.56,3184212.47,2919626.32,2281521.09,1648054.45,2007894.15,523158.08,2699732.8,1828384.11,2077501.06,1605290.14,689658.15,159781.12,636698.14,438802.12,1217740.05,3080639.9,689583.84,1280262.46,708668.85,223266.56,99451.51,670299.77,485839.94,337395.62,733033.58,611720.25,1973521.42,375056.05,197853.07,-2.5,7517821.66,0,4398006.14,169294.95,506933.83,6,483159.06,296.54,1768109.3,343.5,253.96,1380876.66,323490.71,280.67,223257.76,6201.1,954632.46,526817.12,97842,47561.25,11031.2,0,888728.05,618780.85,5998411.98,1995340.91,1416.65,34,1199059.47,6138.49,630567.57,1516786.59,51503.32,462629.05,1307396.15,764369.38,488307.95,2611519.89,60471.59,26199,3902615.45,398134.72,296183.3,35282.13,29.88
1623404.55,3367527.73,1091866.1,2108975.17,1929719.03,735883.57,1650836.35,2098779.3,4145623.96,1813494.06,1721312.32,593398.23,2155065.38,1237932.87,1403079.1,1030004.79,341622.4,142274.45,476016.27,517463,901237.63,1610879.18,320901.38,709795.34,286707.15,108426.62,41107.72,233756.42,190190.44,166504.46,652285.81,313004.1,701589.13,84916.24,260900.8,0,7447254.23,0,4531302.87,220647.13,528306.98,0,560945.68,1199.7,2035159.74,-1039.08,25891,3283.18,0,2670.16,235132.67,8389.54,1013935.23,857341.39,14051,12232.12,12375.78,0,490643.02,318022.84,4575826.19,1402309.28,477,0,790775.67,40271.97,546634.75,1349791.49,14748.3,383186.36,1311462.23,989952.49,476362.31,2923916.4,56830.84,65308.25,3916165,18151.58,302687.67,3281.63,59.76
3260630.11,6039153.75,2756890.57,3426474.09,3872772.56,850054.24,2784892.19,2875768.73,3902993.1,2025595,2077402.54,1077498.41,3524792.19,2018895.08,1608299.93,1485315.69,746258.69,642868.09,640066.21,590632.26,1096650.8,1956353.55,711563.17,767925.2,1108580.58,196400.55,184603.79,378853.21,325534.08,274993.9,826104.13,730491.78,1329191.46,220423.4,268570.86,0,11059588.03,0,6774199.29,3882.37,568362.42,0,1077509.66,2235.88,3718999.37,109.26,182521.01,3096.1,0,779.73,508053.72,8831.11,1511917.48,607089.15,208107.01,91356.32,53097,0,1109271.91,495534.32,7520531.88,2188011.11,954,18.24,3890806.58,114210.77,1836087.52,2455881.24,71271.17,601917.35,1743032.43,4474942.79,1720816.09,7585198.87,521514.66,75308.84,7237939.06,39331.99,1115154.53,21172.39,2.29
3144334.94,9104114.95,2344196.21,3828854.63,3279555.56,810082.57,4740785.65,4581231.24,2658280.09,2395907.78,3072480.23,552771.78,6055036.69,3142761.41,2297674.84,2186404.49,1165066.6,398008.81,1202601.68,723544,2253676.99,5154924.45,1271290.27,2355237.49,1505379.94,392088.67,177605.35,1468754.09,883580.95,489740.15,1325492.41,1271778.6,2998934.09,553973.03,326471.49,0,9339684.03,28,8814189.53,101099.19,972687.13,0,722990.77,741.53,3642904.76,343,10,1539426.41,111602.75,295.44,421902.69,19068.81,1467905.44,716666.7,549724.44,141874.3,17536.2,0,1134743.58,1086708.1,8872146.46,3178863.76,1263,83,3227731.97,46287.96,1732547.76,2221579.56,189667.92,250208.86,2634624.83,2642839.38,2019801,7161386.18,287408.82,629551.25,8246560,14.44,743719.56,113668.46,25.12
3075076.17,7270273.43,2633234.1,4485272.98,4112569.01,850701.69,4845258.54,6093753.8,4382237.59,3950011.46,3145607.68,915741.77,4855979.16,2642470.65,4007374.81,2450602.31,1148438.96,-67.85,962069.29,1017061.83,1765180,4016844.13,824878.48,1857097.73,1126633.5,341150.67,125393.33,832688.32,670799.89,438622.89,1100113.98,887518.49,2498549.1,491062.82,282117.1,390915.06,11156833.57,137.08,7750389.38,411325.12,919498.11,0,795468.34,330.18,2910272.6,569.03,2492.88,777356.21,132817.5,1329,236390.94,12004.29,1990997.8,817527.35,437881,102309.29,76217.4,0,1972267.02,903566.1,10358131.55,2668036.49,2195,203.12,3100764.18,3127413.9,3100064.8,3262807.41,606315.97,702959.39,2429129.94,9658993.12,7821070.03,16261990.45,5303575,5383061.46,13905392.01,2268096.52,2912948.57,1842444.76,18055.37
5798002.67,11189928.74,2215208.89,7358261.86,5955633.47,1174136.64,7063441.99,10931643.76,5468838.22,5981184.86,3707337.05,1113538.12,8091012.11,3471430.33,3867865.27,2640409.75,1646262,13621.35,999984.66,1924431.78,1992255.29,5384687.64,1188317.82,2504731.57,1830990.96,387628.68,136520.89,1279381.07,900738.17,549256.73,1963129.79,1356484.61,3161299.07,834348.79,485278.01,572913.5,15759345.93,0,12372193.76,883338.94,1282819.72,0,1144458.68,666.18,4802497.5,-378.58,194518.71,3060554.25,472077.35,161.18,466761.31,31289.8,2833685.59,771711.24,594281.59,240390.92,83894.3,0,2493569.31,1203350.06,13154550.44,3187344.6,3150.74,29,5519408.07,5701519.74,4713078.8,4350270.76,804367.77,714110.01,6335146.57,13707777.99,11224526.19,23542625.04,7553057.47,9030211.9,21537795.62,244.27,3694556.9,2757665.96,35030.77
2137857.04,6832625.68,2088819.15,2767726.11,2300995.06,570377.85,3497326.07,2608042.55,2343478.8,2101524.98,1859911.88,399486.82,4057443.52,2273316.2,902074.48,1027017.09,752271.57,290622.33,772937.2,450950.58,1206424.78,5272808.5,1249676.52,2614185.76,1519174.63,235534.86,104595.69,729685.77,663344.48,555415.3,1017630.22,1171178.01,2723417.54,384697.1,297374.34,0,5762661.77,0,5660913.82,367595.31,698787.45,0,608470.82,179.52,2743750,426.97,0,1522517.52,10,20.2,393999.55,17570.14,1184938.24,216208.12,160918.06,100641.39,27367.4,0,733071.03,835963.99,6144138.89,1654601.67,652,48,3235597.04,2863.84,750677.3,2162267.91,28606.04,206193.79,1045052.25,1570654.62,963169.94,3133861.44,94863.93,54841.66,5774239.21,2,466237.87,13290,59.76
3073537.77,7630744.82,1880590.07,4590890.93,3315788.92,748864.02,4156812.89,5324797.72,3353765.97,2779684.66,2138111.23,530623.17,5345540.32,2460088.76,2813227.78,2080933.88,1249290.94,78949.18,954191.24,770198.12,1689447.89,4286139.5,1200026.86,1390736.88,1197671.4,292101.47,127843.53,1124643.56,712637.78,421453.97,898207.45,1060988.55,3123271.39,606867.59,340459.64,0,10015536.66,0,7770706.62,185844.69,1091681.5,0,725562.46,2330.8,3170094.06,231.12,32.89,351.33,0,1734.14,232654,11555.25,1552247.94,690860.82,432046.94,121880.79,58629.6,0,1719094.59,752773.39,9530330.67,2664019.91,1230,49,2418670.99,206927.05,1768754.03,2586185.05,219521.9,419861.74,2050022.95,3062117.86,3060950.84,7379277.49,362027.95,105434.48,8275205.67,62.43,655311.05,24680.92,27.15
4745663.86,10084728.96,2847496.76,3907375.34,5276109.27,1057270.45,6238241.64,5249564.45,7175505.73,4455189.39,4486082.34,802404.69,5429603.56,4769862.42,3346896.21,3878248.89,1429395.21,234794.46,1682597.66,1287607.15,3173947.95,6764183.71,1529861.78,2310950.32,1853443.98,466318.73,149284.95,1588808.6,1174965.08,679184.31,1616456.34,1614381.18,3724996.48,748926.52,532334.82,0,6273289.41,0,8880338.12,294082.57,1681050.87,0,1219497.22,4603.81,5198711.09,-551.5,1789.73,3604270.89,983232.6,1648.78,440441.62,34090.91,2260946.01,1259824.05,333879.79,202156.05,10285,0,2062237.89,1731686.45,10988695.25,5295770.01,2490,43,4433411.89,128129.33,1258912.28,3275554.39,137687.08,729927.94,4549060.57,2976543.88,2803496.08,8523454.17,297737.12,34490.69,7750469.63,1883044.98,879404.92,12070.21,29.88
2696840.34,5833995.21,1691059.23,4182086.13,4172462.41,702299.57,4116731.11,7031573.37,3324285.01,3886037.76,2443667.88,604961.76,4226885.27,2469019.67,2923587.55,1988210.34,884672.79,11817.65,833095.29,879940.24,1743126.42,4073451.88,860148.05,1699688.82,1184147.65,278955.04,97197.91,815939.66,616096.53,361877.08,1000843.75,914420.65,2338330.47,440687,277494.13,434215.39,8392581.36,0,6473215.08,225822.38,850339.21,0,688884.23,1140.71,2277998.02,-188.45,0,757173.38,182637.5,183.77,214777.7,11190.41,2279093.18,687966.76,338711.94,87267.65,11429.2,0,1608803.88,716615.54,8347963.13,2079380.64,1355,35,3208976.33,4072607.69,3521786.49,2774427.84,613089.38,251663.3,3684166.21,10389013.33,7498276.25,17429136.57,5416387.67,7414556.45,13431702.87,1948099.67,2659488.85,1412692.73,15723.42
2880863.34,5272597.41,1685702.73,2910258.13,1776488.49,537686.44,2569915.86,4269744.57,2092964.25,2888986.31,1608123.27,456440.8,3637481.61,1612631.78,2302713.07,1484456.1,830896.62,220.5,558374.67,744754.55,929375.03,2314598.57,430581.56,1018001.38,555976.92,172643.62,85436.97,512383.45,333092.82,236796.15,566743.45,418448.94,1620380.33,325680.12,188700.87,426424.74,6381753.99,0,6037565,472328.73,765147.13,0,568078.83,504.15,2672342.28,455.79,-152.32,1617584.03,315227,90.62,214445.75,5099.94,1011154.04,623414.58,81610,79089.06,18977,0,1246824.67,455315.56,5560457.03,1697240.3,954,33,1221958.67,45625.64,1152857.62,1536187.31,41582.24,486659.43,923302.53,1706361.3,1110719.91,5556187.88,111217.89,318067.39,6290734.12,-1.27,387047.84,90565.09,0
 2774595.1,3917918.43,1052108.31,3503230.28,2515303.16,665903.88,2329135.17,4103377.98,2367555.3,1454712.65,1831727.7,647174.19,3025265.5,1550617.48,1795696.81,1117816.5,422878.31,183504.66,496849.53,808155.86,867918.87,1888815.39,385785.01,910957.68,500915.65,137543.82,53508.95,459956.55,341414.78,181469.85,595305.09,439937.68,1138831.29,279561.94,146991.9,0,14800243.1,0,5355160.11,198563.97,397267.05,0,544283.34,1970.04,1397378.62,1242.34,31180,483776.54,5661,797.68,242691.69,6899.3,1286818.36,559086.93,0,37139.68,9201.8,0,952510.72,404872.97,6136072.6,1226910.37,1395,20.87,1752265.12,2769306.59,2744464.07,1990273.02,412269.59,267603.33,2834465.58,8153372.26,5639102.22,12153328.59,3662992.4,6083820.89,10043866.35,2659275.46,2120702.13,1147710.65,7990.21
4352630.6,11297150.03,2892423.05,6234361.55,4012442.47,1105494.26,6188026.84,6031950.15,4192144.69,5256297.82,2972337.81,559415.14,7570675.58,4135360.21,3538093.49,2676041.66,1550971.67,113068.03,1595793.21,982087.96,2553932.16,5322768.48,1379763.98,1826761.49,1770878.29,302373.84,137839.15,1115679.81,719035.61,509404.73,1200823.24,1401620.47,2706503.51,511826.5,362715.4,367049.75,5680731.88,1.98,10018736.05,325804.31,1458785.65,0,705848.83,563.48,5471292.2,134,0,1532419.84,393647.75,76.6,322594.42,13151.89,2038510.79,796342.82,200010,171685.37,13341.5,0,1756069.92,1551028.66,9799470.53,3937806.91,1701.7,81,5271567.67,3837117.3,4227178.19,3728798.84,1319267.01,604670.04,2374336.45,13781558.73,9536254.81,20952094.22,7852229.21,9958367.05,17091275.76,2975399.7,3041439.22,1647951.71,20830.26
2885804.92,8258432.23,1796397.93,4001256.86,4035691.43,717324.99,4179667.91,4772707.3,2564091.54,3014926.89,1936098.13,492066.98,5476526.28,2362709.43,1079739.57,1404478.24,957897.82,258243.02,814511.6,736951.7,1460049.28,4567297.22,1191029.24,2207117.19,1563986.04,218077.9,80321.45,764991.73,559092.88,369504.14,1232544.5,1198070.93,2529041.13,382551.4,257721.18,283290.63,7032666.43,0,6606257.33,198034.71,906928.69,1.5,642212.34,1671.54,2920677.55,1682.92,0,1892574.33,0,21.28,378310.35,12399.11,1567281.08,103318.37,687389.15,119447.96,95174.79,0,916204.77,977563.74,7893983.11,1866754.67,1389,80.64,6215884.66,2652165.37,3163891.11,2734107.04,910167.7,204914.86,1792760.57,9335891.15,8233310.96,14083635.33,6853061.74,5171504.14,13774062.28,3759320.67,3407527.17,1526258.03,12980.83
2217172.04,3600977.77,1143421.68,2048648.92,1849250.44,470453.55,2410133.76,2957306.63,1626033.89,1344226.18,1177276.14,319930.61,2567280.08,1372960.91,1017490.91,1144079.11,396457.78,3211.01,561377.39,536977.9,916474.67,2820282.27,634973.13,922685.43,582275.65,201139.32,93203.82,654647.68,433705.06,282318.78,600068.59,580305.15,1577240.52,345108.52,160928.19,0,6075233.36,0,4095564.67,130121.17,538173.45,5.5,283721.6,223.28,1729696.47,191.74,44.91,2218.67,0,1146.32,137190.12,4640.51,829885.4,441857.68,115065.48,47071.32,30212.4,0,887644.54,407963.84,4890826.09,1205819.52,660,1,1175700.83,3930.47,756681.16,1331032.07,108529.36,257744.99,1300653.16,1565896.9,670843.49,3598840.14,170296.14,21835.89,4430196.57,35.4,304829.78,19275.56,29.88
1399737.86,1855348.42,105817.41,1889902.43,57995.93,3467.6,54307.39,1677961.11,10912.04,28044.72,119448.29,10299.39,1628210.6,139430.76,240478.59,18393.34,36473.93,2.38,3890.7,224925.55,1808.72,790.09,72.55,6096.67,263.43,201.28,12820.37,34.46,0,8587.79,4640.78,14.5,33.1,0,0,0,8761108.01,0,3350641.36,2040.5,9231.39,0,99.6,0,919483.42,0,0,131.71,0,0,2719.78,0,167.56,8578.05,0,13109.98,99563.8,0,207685.25,0,9497.87,39197.08,0,0,837595.89,946545.51,1625227.71,652727.31,257920.75,10898.93,45950.56,4951087.03,4515451.51,7615613.92,3204586.87,3506735.03,6500280.69,2740325.02,1883671.95,458605.96,-7.06
2482001.3,8367234.81,1518184.66,4983392.59,2676335.2,499042.75,3004778.71,3614750.67,1546618.89,2847356.57,1656465.69,400431.74,6100568.85,2509674.31,1195750.95,1150213.16,725015.1,5941.15,919552.45,662989.27,1234869.62,2969779.23,642264.04,1336500.65,1023679.02,173265.04,86551.59,625606.79,447292.96,330312.44,874982.69,704230.59,2042003.86,271824.63,208774.21,433668.71,11521871.56,0,8148464.08,190832.34,768119.12,0,327621.16,347.2,3667693.28,-303.92,0,1239923.35,0,939.3,103761.57,11028.91,1136285.61,249893.58,472725.93,75002.79,33385.6,0,948655.03,821273.44,6577951.59,2194234.29,1154,6.12,5176877.22,2719852.55,3618380.75,2583073.65,1217189.27,186642.77,1209878.42,12321919.01,10043195.1,18162446.96,8276297.41,9828696.28,15257530.75,4337947.08,4453731.87,1444569.8,12905.79
3267927.45,7196260.12,2212573.24,4023613.16,2967017.18,656334.02,3628630.29,3529432.99,2965774.91,3272877.82,2125695.56,456675.73,4293993.13,2229409.43,2114525.56,1631578.09,889828.76,234895.33,723274.94,722864.52,1286419.98,2660082.36,584786.62,1109529.3,837393.77,180448.2,94379.31,465306.11,338163.62,308405.89,743109.67,547726.44,1633459.97,306262.55,208932.07,422073.18,8739712.1,0,8333421.22,402949.6,940769.49,0,610154.13,1340.46,3793855.04,-84,39.16,666895.6,0,1913.86,359356.63,10696.87,1314916.96,790015.83,286921.01,93847.17,114414.2,0,1358942.98,724668.94,6342282.94,2107708.77,895,21.12,2211345.25,2395249.11,2448851.85,2603844.09,535225.8,325013.26,988030.93,8814468.11,6916732.13,14317578.85,4394708.45,6956955.86,12111418.49,330102.89,2453924.33,1135314.52,15165.89
340209.38,1068413.79,40604.87,873389.09,16007.42,311.91,56186.54,526210.28,4920.66,11483.07,24326.08,2758.07,991231.17,145698.06,46278.86,42475.46,25025.3,0,7289.99,28720.88,2425.22,112.2,575.22,3324.86,19296.4,1,0,0,0,1322.3,950.3,403.83,21.76,95,180,0,1936194.26,0,892776.73,2668.5,7247.79,0,71.51,0,279348.47,0,0,40,0,0,1497.43,0,3997,1604.24,0,2131.38,15339,0,92292.98,5,62.72,51952.16,0,0,1566208.66,1185911.43,1274654.25,448176.73,366927,0,47278.07,3560689.01,1410389.39,4894555.79,3667671.76,4147375.3,3864281.73,1340170.57,768735.04,1049718.98,0.11
2852502.95,4993020.3,1197964.83,2830185.79,3093647.78,488925.87,2581935.3,3884596.88,2463068.25,2424874.39,2242438.34,759650.22,3363136.9,1437105.45,2386274.6,964356.23,627827.39,2429.25,425829.12,635097.69,879853.5,1946465.31,433617,827971.31,640113.5,104548.76,39118.43,306926.7,272148.13,137242.36,716511.47,495358.41,1153241.22,242163.97,126371.45,317705.59,6981158.73,0,5499624.12,57863.96,602143.77,0,472368.13,798.67,2460134.56,-947.03,153719.27,567129.53,0,1849.83,177783.72,6533.71,1459867.97,560051.3,129666.99,71698.35,7251.5,6498163.99,962688.26,337582.61,5239027.09,1074852.09,954,3,2144697.17,1671372.91,2265202.88,2249489.9,405837.43,269244.76,867645.44,6340467.96,4864588.62,9692900.49,4231385.92,5352217.86,9902061.88,2739052.36,2512592.58,1111967.74,12844.34
2442818.65,6517719.24,2046098.74,2787875.25,3554756.02,1037667.65,4328265.34,2633545.44,2238955.71,2119037.45,2559331.33,303742.46,4791143.23,4110003.28,1064192.61,2453002.91,829006.56,-97.88,1701243.63,546825.12,3080499.27,5728939.98,1585944.44,2110695.68,1863836.29,231382.03,105941.92,1253895.59,867095.49,662083.82,1125755.67,1540196.37,3701047.81,469421.96,540610.97,0,5118040.15,0,5161217.23,296690.36,1154412.63,0,258709.42,17.46,2328906.59,-3567.18,0,29.5,0,1940.66,231113.75,27016.33,1669560.03,113439.53,384182.5,112985.88,13358.6,0,773924.4,1808688.53,12631448.67,3131917.43,495.48,63,3615391.99,6834.93,1061600.18,1577688.66,357099.15,287796.98,1681712.66,1853344.38,1132428.46,4829972.58,218568.56,18424.88,6189974.79,129.46,534575.83,8057.61,0
 320209.52,1918491.67,54529.37,1411911.23,35567.2,499.54,59263.25,488722.58,9403.48,25032.48,39997.82,4579.24,1741224.53,257330.07,89298.89,68107.44,24258.04,0,9047.45,34409.94,744.24,197.02,73.03,2210.11,25826.16,0,0,4,0,3186.42,241.5,-9.47,42.12,0,-30,0,2598289.34,0,1507444.49,667,12036.01,0,69.18,0,352397.92,0,0,10,0,0,184.82,0,16249.2,5274.3,0,2158.1,23211.4,0,96659.95,-29,-304.11,86157.54,0,0,2502283.94,2940309.08,1754141.82,692978.26,489783.34,118.84,33350.03,5072809.45,1586996.25,6369157.72,3732774.14,6774217.61,5682203.49,2242717.88,925106.13,1288421.96,0.02
1576465.73,2361136.81,185594.27,2518803.95,162681.26,6252.34,117971.91,2309649.9,21475.2,55433.19,249847.19,26032.9,2392974.6,202519.53,316835.44,46366.88,48743.3,0,4573.85,273934.44,2640.11,3740.24,114.16,9630.32,188.49,1931.31,20007.91,0,0,17554.5,3409.01,43.97,0,0,0,0,9922606.19,0,3879000.81,17,16333.51,0,75.52,0,1218382.48,0,0,831.14,0,0,4611.25,0,112.84,40909.82,0,20363.41,108091.8,0,343604.26,53,30523.81,97421.23,0,0,1092877.6,1520057.18,1529927.93,796429.68,333134.78,18290.41,145869.61,6312653.22,4414506.82,8500002.53,3088778.7,4812900.68,7351708.81,2913679.45,1996380.3,756006.84,45
990066.01,1571022.69,71314.13,1525738.69,56830.82,5108.05,59136.08,1356412.12,11085.41,52247.18,107662.08,9092.47,1434842.66,142585.08,121532.83,60712.02,32687.06,0,4676.47,150727.6,1948.65,4011.96,272.92,7526.19,401.45,783.12,13081.21,176.87,0,3743.73,5528.44,209.56,177.42,7,0,0,7858677.16,0,2355694.49,0,14273.55,0,331.93,0,707698.33,0,0,303.54,0,0,3060.14,0,75.3,7710.21,0,9415.84,56615.4,0,113244.96,0,24450.46,56208.48,0,0,1234227.59,1595728.62,1467298.79,793816.63,342062.02,11222.59,83261.86,4971477.48,3632895.04,6479964.18,2698255.43,3050391.81,5976491.81,1713379.76,1416038.65,683981.4,25
3135278.03,9629395.4,2941467.33,6407474.66,3438211.46,702350.28,5722930.48,5166681.75,2773644.83,2133470.47,2921241.51,660825.86,7863773.55,3020986.3,3816922.99,1673034.07,1552666.29,-106.86,1126068.04,1026321.68,1860939.1,2652757.61,925323.74,1035770.88,1345161.93,203683.64,88983.3,812025.23,543355.42,334201.63,854599.89,990088.45,2338685.96,294191.62,290603.97,0,6176967.7,0,8457872.63,188974.38,511437.28,0,634178.14,1253.83,4879472.06,23.6,0,1090148.78,0,1149.92,271851.86,12684.34,1658542.4,540763.68,354633.03,103296.35,33221.5,0,1663577.14,925194.74,7854858.23,3148042.79,679.82,24,5638541.36,1712121.42,2752070.7,3208429.9,820653.05,244550.31,967028.49,11246883.46,8635238.9,15748047.97,5674884.93,8555717.21,14734256.27,3873749.68,3431057.18,1396723.29,13729.66
2687624.77,3818486.84,927931.34,3487305.33,2529623.05,572438.81,2702444.65,4857929.11,2726357.39,2804605.99,1831421.69,629705.45,3081701.04,1765831.41,1905099.2,1094281.87,532105.91,-15,504264.04,941766.96,923015.18,2011247.59,422496.62,958730.68,617538.54,143951.39,46365.54,467695.35,376917.92,188656.62,648148,444261.55,1085415.69,294612.32,118487.86,279988.93,5180786.44,0,4772045.18,40169.82,658819.99,0,464463.89,1021.53,1345973.8,-241.56,95553.84,3121.31,0,1128.49,134811.53,12804.3,1287037,541548.26,332495,39189.5,17529.71,0,1003060.63,333326.64,5640357.95,1404584.35,1452,15,1877326.33,2353953.43,2844821.78,1942106.17,481943.25,283317.29,2870028.44,8759923.01,6185630.43,13796032.72,3937183.42,5464158.8,9519922.02,2189198.15,2449737.79,1169507.06,6025.47
3318352.17,6914025.54,2434122.17,4367016.21,3648493.96,753299.99,4820688.12,4823258.68,4682316.23,2172773.99,1945612.02,611076.89,4656508.4,2454164.22,2658100.27,1723755.8,993325.66,94243.93,793123.6,724524.32,1477453.31,2705604.53,739599.91,1054526.23,927919.63,196374.03,66247.8,600236.93,398972.26,295517.36,766756.12,820194.77,1850939.46,318189.76,231319.53,6,6636119,0,7787525.39,277249.57,728102.37,0,660010.14,2118.15,4034475.85,479.86,112480.1,841967.82,0,1230.1,280906.61,9218.28,1437510.47,1093073.92,750647.45,113736.11,65111.8,0,1395204.86,758022.13,7847454.25,2665268.02,1389,36,3123260.07,2493387.3,2854000.79,2686809.31,554721.13,324912.22,1436081.47,10131839.12,7538234.77,16563355.96,5064393.62,6752249.67,12679304.98,412339.39,2829858.35,1340129.02,19080.67
1483646.22,2284697.05,116466.52,2128592.86,150478.44,10,103233.68,2608117.54,19379.94,57857.23,134396.84,12550.72,2154918.47,214644.91,157682.07,74193.02,40505.63,0,3740.49,180588.16,2239.85,3785.61,43.82,10865.24,8.72,2566.01,8238.01,0,0,7174.3,5748.8,38,11.97,0,0,0,5553268.21,0,2829736.7,-16,24707.15,0,59.33,0,865155.2,0,0,1269.65,0,0,4736.98,0,-43.96,12043.53,0,12725.03,47967,0,176798.86,-467.56,-1209.93,36851.25,0,0,1957131.12,2188998,2276369.31,1059567,530385.81,8783.01,136429.96,7634040.4,6136590.64,11940182.35,4697926.42,5108619.53,8752353.94,2171236.81,2501813.43,935323.14,0
 1079522.59,2963367.76,142949.79,2606515.65,49485.89,4314.13,73898.52,1885485.27,21120.27,72562.02,83630.92,12746.46,2552966.87,237955.28,379636.78,89194.5,67646.45,0,4058.52,223582.36,2393.98,593.69,4.47,10270.58,66.95,161.76,10277.24,0,0,2813.9,1187.65,20,0,0,0,0,8240215.54,0,2596384.6,0,26332.49,0,100.98,0,1062009,0,0,346.75,0,0,5711.44,0,-11.88,16038.61,0,13153.51,60150.8,0,177076,20.76,11729.47,93076.71,0,0,1934135.95,2437474.58,2783455.39,1181771.53,708172.06,5009.75,9928.03,9104652.07,4977607.23,11961401.01,5176127.13,7260068.29,10422300.93,3583346.82,2767048.56,1372066.05,105
1151148.9,1340950.04,81655.39,1058766.22,137375.88,4608.28,75937.99,709847.17,14273.87,21992.35,87014.74,11030.88,1043937.53,104434.54,121040.01,47245.49,39153.41,0,2209.18,110136.21,694.74,1873.87,324.24,4889.44,3857.06,803.55,10387.93,0,0,1004.04,4431.83,189.63,-9.88,0,0,0,6546336.18,0,2166016.44,0,7077.04,0,47.43,0,839588.49,0,0,65,0,0,3674.88,0,62.62,64800.64,0,11624.47,53018.8,0,159836.47,-123.85,14688.99,61630.67,0,0,643027.14,718367.78,1068635.56,555260.8,136137.81,18274.83,31205.59,4459112.06,2598239.94,5665597.55,1577277.95,3405122.72,4447326.48,405281.96,949014.84,495649.02,7.01
2537665.99,5119530.48,1359646.14,3464871.86,2303310.02,508253.84,3397361.33,4869208.57,2214481.67,2037047.44,2034658.15,517700.7,3895821.16,1784121.14,2373877.29,1504807.36,779844.07,195920.39,730596.02,580767.27,1190340.69,3277086.81,781310.94,1202582.71,1038013.58,189932.14,92498.33,679690.25,432101.62,379622.73,695491.2,740914,2034130.28,378561.59,247749.35,0,7613685.44,0,5606437.78,382013.09,635964.81,0,371273.68,377.34,2093312.32,-1061.04,0,2905.87,0,104.52,209675.92,5784.62,870254.51,519397.43,241179.85,85912.45,25313.2,0,972546.81,628686.82,5357682.1,1531547.32,1525.96,88,2180038.31,72622.47,2095392.73,1920560.27,117915.34,286197.78,901911.85,3385387.04,2379795.61,6882003.38,390193.68,494496.46,7564151.83,5.94,924775.55,75767.27,0
