Date,Store,Date,Weekly_Sales,IsHoliday
2011-01-07,4,2011-01-07,8004.94,False
2011-01-07,39,2011-01-07,1680.0,False
2011-01-07,24,2011-01-07,1643.0,False
2011-01-07,28,2011-01-07,6535.0,False
2011-01-07,1,2011-01-07,2331.0,False
2011-01-07,15,2011-01-07,1593.0,False
2011-01-07,17,2011-01-07,1700.0,False
2011-01-07,5,2011-01-07,240.0,False
2011-01-07,13,2011-01-07,7497.0,False
2011-01-07,7,2011-01-07,1110.0,False
2011-01-07,6,2011-01-07,1265.0,False
2011-01-07,34,2011-01-07,2820.0,False
2011-01-07,18,2011-01-07,3108.0,False
2011-01-07,25,2011-01-07,870.0,False
2011-01-07,32,2011-01-07,605.0,False
2011-01-07,21,2011-01-07,1785.56,False
2011-01-07,29,2011-01-07,806.0,False
2011-01-07,23,2011-01-07,3606.0,False
2011-01-07,12,2011-01-07,1280.0,False
2011-01-07,27,2011-01-07,1968.0,False
2011-01-07,41,2011-01-07,6428.0,False
2011-01-07,19,2011-01-07,2858.0,False
2011-01-07,45,2011-01-07,500.0,False
2011-01-07,20,2011-01-07,2434.0,False
2011-01-07,16,2011-01-07,285.0,False
2011-01-07,11,2011-01-07,2595.0,False
2011-01-07,31,2011-01-07,2165.0,False
2011-01-07,22,2011-01-07,3791.0,False
2011-01-07,14,2011-01-07,7152.0,False
2011-01-07,2,2011-01-07,12987.0,False
2011-01-07,10,2011-01-07,2766.0,False
2011-01-07,40,2011-01-07,3939.0,False
2011-01-07,8,2011-01-07,1918.0,False
2011-01-07,35,2011-01-07,2968.0,False
2011-01-14,5,2011-01-14,953.0,False
2011-01-14,4,2011-01-14,2950.0,False
2011-01-14,13,2011-01-14,4278.0,False
2011-01-14,1,2011-01-14,570.0,False
2011-01-14,24,2011-01-14,1943.0,False
2011-01-14,27,2011-01-14,458.0,False
2011-01-14,22,2011-01-14,2615.0,False
2011-01-14,12,2011-01-14,1351.0,False
2011-01-14,19,2011-01-14,3316.0,False
2011-01-14,7,2011-01-14,1700.0,False
2011-01-14,18,2011-01-14,2886.0,False
2011-01-14,10,2011-01-14,1805.0,False
2011-01-14,14,2011-01-14,4207.0,False
2011-01-14,8,2011-01-14,1989.0,False
2011-01-14,39,2011-01-14,510.0,False
2011-01-14,40,2011-01-14,4568.0,False
2011-01-14,23,2011-01-14,1748.0,False
2011-01-14,20,2011-01-14,4457.0,False
2011-01-14,41,2011-01-14,4199.0,False
2011-01-14,45,2011-01-14,1266.0,False
2011-01-14,11,2011-01-14,3055.0,False
2011-01-14,31,2011-01-14,2970.0,False
2011-01-14,2,2011-01-14,18926.0,False
2011-01-14,32,2011-01-14,588.01,False
2011-01-14,6,2011-01-14,3141.0,False
2011-01-14,29,2011-01-14,1580.0,False
2011-01-14,35,2011-01-14,1048.0,False
2011-01-14,25,2011-01-14,750.0,False
2011-01-14,15,2011-01-14,1518.0,False
2011-01-14,17,2011-01-14,725.0,False
2011-01-14,34,2011-01-14,240.0,False
2011-01-14,28,2011-01-14,2476.0,False
2011-01-21,10,2011-01-21,3604.0,False
2011-01-21,40,2011-01-21,1931.0,False
2011-01-21,23,2011-01-21,4116.0,False
2011-01-21,15,2011-01-21,195.0,False
2011-01-21,5,2011-01-21,180.0,False
2011-01-21,41,2011-01-21,1140.0,False
2011-01-21,7,2011-01-21,228.0,False
2011-01-21,6,2011-01-21,1613.0,False
2011-01-21,25,2011-01-21,1060.0,False
2011-01-21,17,2011-01-21,1342.0,False
2011-01-21,2,2011-01-21,15891.0,False
2011-01-21,27,2011-01-21,1648.0,False
2011-01-21,4,2011-01-21,6500.0,False
2011-01-21,8,2011-01-21,2156.0,False
2011-01-21,13,2011-01-21,9435.0,False
2011-01-21,32,2011-01-21,1330.0,False
2011-01-21,28,2011-01-21,2495.0,False
2011-01-21,12,2011-01-21,1518.0,False
2011-01-21,20,2011-01-21,3834.0,False
2011-01-21,11,2011-01-21,2200.0,False
2011-01-21,34,2011-01-21,1038.97,False
2011-01-21,35,2011-01-21,5265.0,False
2011-01-21,22,2011-01-21,2345.0,False
2011-01-21,14,2011-01-21,8281.0,False
2011-01-21,31,2011-01-21,2200.0,False
2011-01-21,1,2011-01-21,2375.0,False
2011-01-21,24,2011-01-21,2008.0,False
2011-01-21,21,2011-01-21,1070.0,False
2011-01-21,39,2011-01-21,500.0,False
2011-01-21,18,2011-01-21,3465.0,False
2011-01-21,19,2011-01-21,2694.0,False
2011-01-28,10,2011-01-28,3365.0,False
2011-01-28,14,2011-01-28,6387.0,False
2011-01-28,17,2011-01-28,458.0,False
2011-01-28,21,2011-01-28,465.0,False
2011-01-28,8,2011-01-28,2713.0,False
2011-01-28,18,2011-01-28,1938.0,False
2011-01-28,15,2011-01-28,883.0,False
2011-01-28,28,2011-01-28,5736.0,False
2011-01-28,35,2011-01-28,1363.0,False
2011-01-28,24,2011-01-28,3916.0,False
2011-01-28,6,2011-01-28,2426.0,False
2011-01-28,12,2011-01-28,1156.0,False
2011-01-28,32,2011-01-28,605.0,False
2011-01-28,2,2011-01-28,10862.0,False
2011-01-28,31,2011-01-28,4210.0,False
2011-01-28,11,2011-01-28,1940.0,False
2011-01-28,45,2011-01-28,590.0,False
2011-01-28,20,2011-01-28,9082.0,False
2011-01-28,23,2011-01-28,1985.0,False
2011-01-28,40,2011-01-28,870.0,False
2011-01-28,39,2011-01-28,1435.0,False
2011-01-28,41,2011-01-28,4781.0,False
2011-01-28,25,2011-01-28,1008.0,False
2011-01-28,13,2011-01-28,3183.0,False
2011-01-28,34,2011-01-28,360.0,False
2011-01-28,7,2011-01-28,180.0,False
2011-01-28,22,2011-01-28,3681.0,False
2011-01-28,19,2011-01-28,4104.0,False
2011-01-28,27,2011-01-28,815.0,False
2011-01-28,1,2011-01-28,1840.0,False
2011-01-28,4,2011-01-28,6580.0,False
2011-02-04,10,2011-02-04,4514.0,False
2011-02-04,20,2011-02-04,5125.0,False
2011-02-04,7,2011-02-04,170.0,False
2011-02-04,40,2011-02-04,3931.0,False
2011-02-04,18,2011-02-04,1916.0,False
2011-02-04,11,2011-02-04,3713.0,False
2011-02-04,45,2011-02-04,1438.0,False
2011-02-04,4,2011-02-04,14545.0,False
2011-02-04,8,2011-02-04,2868.0,False
2011-02-04,31,2011-02-04,3120.0,False
2011-02-04,15,2011-02-04,916.0,False
2011-02-04,39,2011-02-04,2974.0,False
2011-02-04,17,2011-02-04,1221.0,False
2011-02-04,14,2011-02-04,8984.0,False
2011-02-04,24,2011-02-04,1613.0,False
2011-02-04,28,2011-02-04,4793.0,False
2011-02-04,23,2011-02-04,2620.0,False
2011-02-04,5,2011-02-04,360.0,False
2011-02-04,35,2011-02-04,900.0,False
2011-02-04,27,2011-02-04,1126.0,False
2011-02-04,6,2011-02-04,4731.0,False
2011-02-04,32,2011-02-04,1165.0,False
2011-02-04,41,2011-02-04,3226.0,False
2011-02-04,22,2011-02-04,3013.0,False
2011-02-04,2,2011-02-04,15459.0,False
2011-02-04,13,2011-02-04,6502.0,False
2011-02-04,34,2011-02-04,1330.0,False
2011-02-04,12,2011-02-04,2323.0,False
2011-02-04,19,2011-02-04,2985.0,False
2011-02-04,29,2011-02-04,450.0,False
2011-02-04,25,2011-02-04,228.0,False
2011-02-04,1,2011-02-04,845.0,False
2011-02-11,28,2011-02-11,2386.0,True
2011-02-11,31,2011-02-11,1415.0,True
2011-02-11,24,2011-02-11,4561.0,True
2011-02-11,7,2011-02-11,665.0,True
2011-02-11,6,2011-02-11,2460.0,True
2011-02-11,13,2011-02-11,4603.0,True
2011-02-11,17,2011-02-11,1690.0,True
2011-02-11,27,2011-02-11,230.0,True
2011-02-11,15,2011-02-11,140.0,True
2011-02-11,25,2011-02-11,643.0,True
2011-02-11,29,2011-02-11,911.0,True
2011-02-11,2,2011-02-11,20315.0,True
2011-02-11,32,2011-02-11,793.0,True
2011-02-11,34,2011-02-11,3230.0,True
2011-02-11,22,2011-02-11,1345.0,True
2011-02-11,45,2011-02-11,2335.0,True
2011-02-11,5,2011-02-11,435.0,True
2011-02-11,1,2011-02-11,3250.0,True
2011-02-11,41,2011-02-11,2880.0,True
2011-02-11,12,2011-02-11,3276.0,True
2011-02-11,19,2011-02-11,2700.0,True
2011-02-11,18,2011-02-11,3855.0,True
2011-02-11,11,2011-02-11,4010.0,True
2011-02-11,39,2011-02-11,535.0,True
2011-02-11,23,2011-02-11,3720.0,True
2011-02-11,8,2011-02-11,2714.0,True
2011-02-11,4,2011-02-11,5960.0,True
2011-02-11,21,2011-02-11,665.0,True
2011-02-11,40,2011-02-11,2783.0,True
2011-02-11,10,2011-02-11,3748.0,True
2011-02-11,35,2011-02-11,1895.0,True
2011-02-11,20,2011-02-11,6329.0,True
2011-02-11,14,2011-02-11,11685.0,True
2011-02-18,41,2011-02-18,3483.0,False
2011-02-18,23,2011-02-18,3142.0,False
2011-02-18,1,2011-02-18,3659.0,False
2011-02-18,24,2011-02-18,1825.0,False
2011-02-18,13,2011-02-18,4262.0,False
2011-02-18,29,2011-02-18,413.0,False
2011-02-18,45,2011-02-18,1567.0,False
2011-02-18,31,2011-02-18,540.0,False
2011-02-18,19,2011-02-18,2350.0,False
2011-02-18,39,2011-02-18,1235.0,False
2011-02-18,2,2011-02-18,21581.0,False
2011-02-18,40,2011-02-18,2278.0,False
2011-02-18,11,2011-02-18,2428.0,False
2011-02-18,25,2011-02-18,413.0,False
2011-02-18,22,2011-02-18,1803.0,False
2011-02-18,27,2011-02-18,2051.0,False
2011-02-18,10,2011-02-18,4780.0,False
2011-02-18,14,2011-02-18,5354.0,False
2011-02-18,4,2011-02-18,2540.0,False
2011-02-18,8,2011-02-18,1440.0,False
2011-02-18,15,2011-02-18,170.0,False
2011-02-18,18,2011-02-18,3613.0,False
2011-02-18,12,2011-02-18,1460.0,False
2011-02-18,17,2011-02-18,1200.0,False
2011-02-18,21,2011-02-18,310.0,False
2011-02-18,32,2011-02-18,285.0,False
2011-02-18,5,2011-02-18,535.0,False
2011-02-18,35,2011-02-18,2440.0,False
2011-02-18,7,2011-02-18,1137.0,False
2011-02-18,6,2011-02-18,6982.0,False
2011-02-18,34,2011-02-18,870.0,False
2011-02-18,20,2011-02-18,5049.0,False
2011-02-18,28,2011-02-18,5460.0,False
2011-02-25,7,2011-02-25,953.0,False
2011-02-25,40,2011-02-25,2231.0,False
2011-02-25,41,2011-02-25,4187.0,False
2011-02-25,4,2011-02-25,4205.42,False
2011-02-25,22,2011-02-25,2010.0,False
2011-02-25,34,2011-02-25,2485.0,False
2011-02-25,8,2011-02-25,1355.0,False
2011-02-25,18,2011-02-25,1760.0,False
2011-02-25,23,2011-02-25,3704.0,False
2011-02-25,35,2011-02-25,895.0,False
2011-02-25,5,2011-02-25,480.0,False
2011-02-25,45,2011-02-25,2405.0,False
2011-02-25,1,2011-02-25,1188.0,False
2011-02-25,10,2011-02-25,5025.0,False
2011-02-25,11,2011-02-25,2528.0,False
2011-02-25,39,2011-02-25,955.0,False
2011-02-25,27,2011-02-25,2185.0,False
2011-02-25,20,2011-02-25,5142.0,False
2011-02-25,24,2011-02-25,1452.0,False
2011-02-25,28,2011-02-25,4184.0,False
2011-02-25,6,2011-02-25,2800.0,False
2011-02-25,19,2011-02-25,5828.0,False
2011-02-25,31,2011-02-25,800.0,False
2011-02-25,17,2011-02-25,1744.0,False
2011-02-25,21,2011-02-25,1645.0,False
2011-02-25,2,2011-02-25,18436.0,False
2011-02-25,12,2011-02-25,1490.0,False
2011-02-25,14,2011-02-25,4737.0,False
2011-02-25,15,2011-02-25,1259.0,False
2011-02-25,32,2011-02-25,1807.97,False
2011-02-25,13,2011-02-25,4313.0,False
2011-03-04,5,2011-03-04,880.0,False
2011-03-04,7,2011-03-04,723.0,False
2011-03-04,20,2011-03-04,3772.0,False
2011-03-04,6,2011-03-04,4223.0,False
2011-03-04,31,2011-03-04,400.0,False
2011-03-04,29,2011-03-04,877.0,False
2011-03-04,28,2011-03-04,5499.0,False
2011-03-04,4,2011-03-04,8130.0,False
2011-03-04,22,2011-03-04,1550.0,False
2011-03-04,40,2011-03-04,2866.0,False
2011-03-04,19,2011-03-04,4685.0,False
2011-03-04,18,2011-03-04,4076.0,False
2011-03-04,17,2011-03-04,2058.0,False
2011-03-04,41,2011-03-04,4448.0,False
2011-03-04,23,2011-03-04,2483.0,False
2011-03-04,8,2011-03-04,1970.0,False
2011-03-04,10,2011-03-04,4701.0,False
2011-03-04,45,2011-03-04,1248.0,False
2011-03-04,32,2011-03-04,1800.0,False
2011-03-04,13,2011-03-04,5631.0,False
2011-03-04,27,2011-03-04,1925.0,False
2011-03-04,35,2011-03-04,460.0,False
2011-03-04,1,2011-03-04,4055.0,False
2011-03-04,2,2011-03-04,25892.0,False
2011-03-04,25,2011-03-04,690.0,False
2011-03-04,34,2011-03-04,3260.0,False
2011-03-04,12,2011-03-04,1496.97,False
2011-03-04,11,2011-03-04,2425.0,False
2011-03-04,15,2011-03-04,1080.0,False
2011-03-04,39,2011-03-04,450.0,False
2011-03-04,24,2011-03-04,3502.0,False
2011-03-04,14,2011-03-04,4825.0,False
2011-03-11,1,2011-03-11,1883.0,False
2011-03-11,24,2011-03-11,2305.0,False
2011-03-11,35,2011-03-11,1600.0,False
2011-03-11,31,2011-03-11,3655.0,False
2011-03-11,45,2011-03-11,580.0,False
2011-03-11,17,2011-03-11,1041.0,False
2011-03-11,4,2011-03-11,7915.0,False
2011-03-11,13,2011-03-11,6261.0,False
2011-03-11,19,2011-03-11,3810.0,False
2011-03-11,20,2011-03-11,2554.0,False
2011-03-11,7,2011-03-11,726.0,False
2011-03-11,5,2011-03-11,790.0,False
2011-03-11,10,2011-03-11,4226.0,False
2011-03-11,39,2011-03-11,590.0,False
2011-03-11,8,2011-03-11,2312.0,False
2011-03-11,23,2011-03-11,2681.0,False
2011-03-11,32,2011-03-11,1423.0,False
2011-03-11,40,2011-03-11,3057.0,False
2011-03-11,27,2011-03-11,340.0,False
2011-03-11,25,2011-03-11,870.0,False
2011-03-11,6,2011-03-11,3881.0,False
2011-03-11,34,2011-03-11,2420.0,False
2011-03-11,14,2011-03-11,4688.0,False
2011-03-11,18,2011-03-11,2813.0,False
2011-03-11,2,2011-03-11,19254.0,False
2011-03-11,41,2011-03-11,8671.0,False
2011-03-11,12,2011-03-11,2068.0,False
2011-03-11,11,2011-03-11,4378.0,False
2011-03-11,22,2011-03-11,2308.0,False
2011-03-11,28,2011-03-11,3496.0,False
2011-03-11,15,2011-03-11,170.0,False
2011-03-18,8,2011-03-18,2078.0,False
2011-03-18,12,2011-03-18,798.0,False
2011-03-18,5,2011-03-18,575.0,False
2011-03-18,18,2011-03-18,1560.0,False
2011-03-18,27,2011-03-18,405.0,False
2011-03-18,39,2011-03-18,1495.0,False
2011-03-18,11,2011-03-18,1055.0,False
2011-03-18,4,2011-03-18,13100.0,False
2011-03-18,19,2011-03-18,4582.0,False
2011-03-18,20,2011-03-18,2761.0,False
2011-03-18,14,2011-03-18,5650.0,False
2011-03-18,13,2011-03-18,5730.0,False
2011-03-18,21,2011-03-18,410.0,False
2011-03-18,31,2011-03-18,1175.0,False
2011-03-18,35,2011-03-18,1150.0,False
2011-03-18,2,2011-03-18,19753.0,False
2011-03-18,24,2011-03-18,1564.0,False
2011-03-18,22,2011-03-18,2433.0,False
2011-03-18,6,2011-03-18,3683.0,False
2011-03-18,32,2011-03-18,3023.0,False
2011-03-18,40,2011-03-18,2153.0,False
2011-03-18,45,2011-03-18,2254.0,False
2011-03-18,17,2011-03-18,1649.0,False
2011-03-18,23,2011-03-18,983.0,False
2011-03-18,34,2011-03-18,2260.22,False
2011-03-18,29,2011-03-18,1060.0,False
2011-03-18,15,2011-03-18,363.0,False
2011-03-18,28,2011-03-18,3733.0,False
2011-03-18,41,2011-03-18,2362.0,False
2011-03-18,1,2011-03-18,2466.0,False
2011-03-18,10,2011-03-18,5214.0,False
2011-03-25,15,2011-03-25,340.0,False
2011-03-25,4,2011-03-25,8440.0,False
2011-03-25,6,2011-03-25,3097.0,False
2011-03-25,29,2011-03-25,585.0,False
2011-03-25,35,2011-03-25,840.0,False
2011-03-25,31,2011-03-25,2635.0,False
2011-03-25,45,2011-03-25,1375.0,False
2011-03-25,13,2011-03-25,5254.97,False
2011-03-25,34,2011-03-25,1465.0,False
2011-03-25,2,2011-03-25,19075.0,False
2011-03-25,22,2011-03-25,2715.0,False
2011-03-25,25,2011-03-25,703.0,False
2011-03-25,17,2011-03-25,1261.0,False
2011-03-25,18,2011-03-25,750.0,False
2011-03-25,12,2011-03-25,970.0,False
2011-03-25,41,2011-03-25,3031.0,False
2011-03-25,24,2011-03-25,950.0,False
2011-03-25,28,2011-03-25,4413.0,False
2011-03-25,14,2011-03-25,8903.0,False
2011-03-25,20,2011-03-25,3134.0,False
2011-03-25,11,2011-03-25,2270.0,False
2011-03-25,23,2011-03-25,1746.0,False
2011-03-25,39,2011-03-25,450.0,False
2011-03-25,21,2011-03-25,250.0,False
2011-03-25,19,2011-03-25,1950.0,False
2011-03-25,40,2011-03-25,2285.0,False
2011-03-25,8,2011-03-25,1507.0,False
2011-03-25,27,2011-03-25,970.0,False
2011-03-25,32,2011-03-25,680.0,False
2011-03-25,10,2011-03-25,3138.0,False
2011-03-25,1,2011-03-25,928.0,False
2011-03-25,7,2011-03-25,507.0,False
2011-04-01,19,2011-04-01,2580.0,False
2011-04-01,6,2011-04-01,3445.0,False
2011-04-01,40,2011-04-01,1930.0,False
2011-04-01,24,2011-04-01,1155.0,False
2011-04-01,27,2011-04-01,1185.0,False
2011-04-01,2,2011-04-01,18600.0,False
2011-04-01,34,2011-04-01,230.0,False
2011-04-01,10,2011-04-01,4146.0,False
2011-04-01,21,2011-04-01,1020.0,False
2011-04-01,41,2011-04-01,3338.0,False
2011-04-01,14,2011-04-01,3830.0,False
2011-04-01,25,2011-04-01,555.0,False
2011-04-01,18,2011-04-01,2425.0,False
2011-04-01,12,2011-04-01,1005.0,False
2011-04-01,4,2011-04-01,7580.0,False
2011-04-01,28,2011-04-01,2813.0,False
2011-04-01,20,2011-04-01,4370.0,False
2011-04-01,23,2011-04-01,2530.0,False
2011-04-01,11,2011-04-01,1725.0,False
2011-04-01,8,2011-04-01,2905.0,False
2011-04-01,15,2011-04-01,500.0,False
2011-04-01,22,2011-04-01,960.0,False
2011-04-01,1,2011-04-01,4048.0,False
2011-04-01,39,2011-04-01,1900.0,False
2011-04-01,17,2011-04-01,1845.0,False
2011-04-01,32,2011-04-01,1061.0,False
2011-04-01,45,2011-04-01,450.0,False
2011-04-01,35,2011-04-01,1045.0,False
2011-04-01,13,2011-04-01,4533.0,False
2011-04-01,31,2011-04-01,2450.0,False
2011-04-08,19,2011-04-08,4905.0,False
2011-04-08,31,2011-04-08,1285.0,False
2011-04-08,45,2011-04-08,505.0,False
2011-04-08,21,2011-04-08,410.0,False
2011-04-08,17,2011-04-08,2020.0,False
2011-04-08,23,2011-04-08,1580.0,False
2011-04-08,14,2011-04-08,5095.0,False
2011-04-08,15,2011-04-08,460.0,False
2011-04-08,25,2011-04-08,1620.0,False
2011-04-08,22,2011-04-08,910.0,False
2011-04-08,8,2011-04-08,285.0,False
2011-04-08,13,2011-04-08,6445.0,False
2011-04-08,34,2011-04-08,1555.0,False
2011-04-08,35,2011-04-08,140.0,False
2011-04-08,4,2011-04-08,5585.0,False
2011-04-08,11,2011-04-08,2175.0,False
2011-04-08,28,2011-04-08,2775.0,False
2011-04-08,20,2011-04-08,3890.0,False
2011-04-08,32,2011-04-08,1275.0,False
2011-04-08,18,2011-04-08,2550.0,False
2011-04-08,24,2011-04-08,2165.0,False
2011-04-08,41,2011-04-08,3995.0,False
2011-04-08,39,2011-04-08,765.0,False
2011-04-08,27,2011-04-08,230.0,False
2011-04-08,40,2011-04-08,1035.0,False
2011-04-08,29,2011-04-08,1725.0,False
2011-04-08,2,2011-04-08,13675.0,False
2011-04-08,6,2011-04-08,2635.0,False
2011-04-08,1,2011-04-08,2125.0,False
2011-04-08,10,2011-04-08,8040.0,False
2011-04-15,18,2011-04-15,1870.0,False
2011-04-15,12,2011-04-15,2490.0,False
2011-04-15,13,2011-04-15,5420.0,False
2011-04-15,5,2011-04-15,550.0,False
2011-04-15,39,2011-04-15,440.0,False
2011-04-15,6,2011-04-15,3510.0,False
2011-04-15,4,2011-04-15,2455.0,False
2011-04-15,11,2011-04-15,5290.0,False
2011-04-15,1,2011-04-15,3455.0,False
2011-04-15,35,2011-04-15,2105.0,False
2011-04-15,45,2011-04-15,1300.0,False
2011-04-15,20,2011-04-15,3615.0,False
2011-04-15,10,2011-04-15,3360.0,False
2011-04-15,28,2011-04-15,6170.0,False
2011-04-15,23,2011-04-15,795.0,False
2011-04-15,8,2011-04-15,620.0,False
2011-04-15,19,2011-04-15,740.0,False
2011-04-15,2,2011-04-15,19730.0,False
2011-04-15,24,2011-04-15,360.0,False
2011-04-15,27,2011-04-15,90.0,False
2011-04-15,17,2011-04-15,1065.0,False
2011-04-15,40,2011-04-15,3365.0,False
2011-04-15,31,2011-04-15,1710.0,False
2011-04-15,41,2011-04-15,1620.0,False
2011-04-15,21,2011-04-15,515.0,False
2011-04-15,34,2011-04-15,1315.0,False
2011-04-15,22,2011-04-15,665.0,False
2011-04-15,14,2011-04-15,3985.0,False
2011-04-15,32,2011-04-15,1035.0,False
2011-04-22,39,2011-04-22,1120.0,False
2011-04-22,13,2011-04-22,4075.0,False
2011-04-22,34,2011-04-22,1835.0,False
2011-04-22,23,2011-04-22,630.0,False
2011-04-22,11,2011-04-22,2840.0,False
2011-04-22,28,2011-04-22,2385.0,False
2011-04-22,40,2011-04-22,4150.0,False
2011-04-22,8,2011-04-22,1885.0,False
2011-04-22,2,2011-04-22,16510.0,False
2011-04-22,5,2011-04-22,845.0,False
2011-04-22,20,2011-04-22,4200.0,False
2011-04-22,41,2011-04-22,2565.0,False
2011-04-22,45,2011-04-22,180.0,False
2011-04-22,18,2011-04-22,1135.0,False
2011-04-22,32,2011-04-22,1350.0,False
2011-04-22,1,2011-04-22,3315.0,False
2011-04-22,31,2011-04-22,1050.0,False
2011-04-22,35,2011-04-22,910.0,False
2011-04-22,10,2011-04-22,885.0,False
2011-04-22,4,2011-04-22,4735.0,False
2011-04-22,15,2011-04-22,865.0,False
2011-04-22,17,2011-04-22,1695.0,False
2011-04-22,24,2011-04-22,1790.0,False
2011-04-22,6,2011-04-22,1645.0,False
2011-04-22,27,2011-04-22,1450.0,False
2011-04-22,7,2011-04-22,400.0,False
2011-04-22,19,2011-04-22,3065.0,False
2011-04-22,12,2011-04-22,265.0,False
2011-04-22,14,2011-04-22,6395.0,False
2011-04-22,22,2011-04-22,940.0,False
2011-04-22,29,2011-04-22,795.0,False
2011-04-29,10,2011-04-29,3295.0,False
2011-04-29,1,2011-04-29,1395.0,False
2011-04-29,19,2011-04-29,2015.0,False
2011-04-29,22,2011-04-29,3245.0,False
2011-04-29,12,2011-04-29,580.0,False
2011-04-29,24,2011-04-29,2135.0,False
2011-04-29,29,2011-04-29,1300.0,False
2011-04-29,34,2011-04-29,1410.0,False
2011-04-29,45,2011-04-29,1615.0,False
2011-04-29,6,2011-04-29,2205.0,False
2011-04-29,28,2011-04-29,3585.0,False
2011-04-29,13,2011-04-29,4100.0,False
2011-04-29,18,2011-04-29,1875.0,False
2011-04-29,41,2011-04-29,1780.0,False
2011-04-29,39,2011-04-29,745.0,False
2011-04-29,32,2011-04-29,615.0,False
2011-04-29,23,2011-04-29,1445.0,False
2011-04-29,5,2011-04-29,645.0,False
2011-04-29,27,2011-04-29,1845.0,False
2011-04-29,4,2011-04-29,10515.0,False
2011-04-29,15,2011-04-29,845.0,False
2011-04-29,14,2011-04-29,3090.0,False
2011-04-29,2,2011-04-29,17675.0,False
2011-04-29,11,2011-04-29,1185.0,False
2011-04-29,31,2011-04-29,4045.0,False
2011-04-29,20,2011-04-29,2830.0,False
2011-04-29,8,2011-04-29,965.0,False
2011-04-29,35,2011-04-29,2090.0,False
2011-04-29,25,2011-04-29,230.0,False
2011-04-29,17,2011-04-29,1680.0,False
2011-04-29,40,2011-04-29,4585.0,False
2011-05-06,27,2011-05-06,930.0,False
2011-05-06,39,2011-05-06,605.0,False
2011-05-06,45,2011-05-06,2155.0,False
2011-05-06,12,2011-05-06,2140.0,False
2011-05-06,24,2011-05-06,2030.0,False
2011-05-06,6,2011-05-06,2410.0,False
2011-05-06,1,2011-05-06,4078.97,False
2011-05-06,10,2011-05-06,3010.0,False
2011-05-06,31,2011-05-06,2135.0,False
2011-05-06,13,2011-05-06,5864.97,False
2011-05-06,5,2011-05-06,255.0,False
2011-05-06,32,2011-05-06,1340.0,False
2011-05-06,15,2011-05-06,2770.0,False
2011-05-06,19,2011-05-06,1810.0,False
2011-05-06,8,2011-05-06,795.0,False
2011-05-06,17,2011-05-06,1880.0,False
2011-05-06,34,2011-05-06,2520.0,False
2011-05-06,35,2011-05-06,1760.0,False
2011-05-06,41,2011-05-06,2845.0,False
2011-05-06,40,2011-05-06,4340.0,False
2011-05-06,2,2011-05-06,15420.0,False
2011-05-06,14,2011-05-06,3185.0,False
2011-05-06,11,2011-05-06,2020.0,False
2011-05-06,4,2011-05-06,9245.0,False
2011-05-06,23,2011-05-06,1985.0,False
2011-05-06,28,2011-05-06,3075.0,False
2011-05-06,22,2011-05-06,1445.0,False
2011-05-06,20,2011-05-06,1605.0,False
2011-05-06,18,2011-05-06,1965.0,False
2011-05-13,28,2011-05-13,1760.0,False
2011-05-13,5,2011-05-13,1220.0,False
2011-05-13,11,2011-05-13,2305.0,False
2011-05-13,29,2011-05-13,1025.0,False
2011-05-13,2,2011-05-13,14554.97,False
2011-05-13,22,2011-05-13,620.0,False
2011-05-13,31,2011-05-13,2845.0,False
2011-05-13,4,2011-05-13,3465.0,False
2011-05-13,41,2011-05-13,5055.0,False
2011-05-13,40,2011-05-13,2180.0,False
2011-05-13,18,2011-05-13,2900.0,False
2011-05-13,19,2011-05-13,1855.0,False
2011-05-13,6,2011-05-13,2285.0,False
2011-05-13,20,2011-05-13,2670.0,False
2011-05-13,24,2011-05-13,1155.0,False
2011-05-13,35,2011-05-13,2415.0,False
2011-05-13,39,2011-05-13,1315.0,False
2011-05-13,21,2011-05-13,230.0,False
2011-05-13,25,2011-05-13,230.0,False
2011-05-13,12,2011-05-13,3995.0,False
2011-05-13,32,2011-05-13,230.0,False
2011-05-13,27,2011-05-13,150.0,False
2011-05-13,23,2011-05-13,1120.0,False
2011-05-13,1,2011-05-13,3720.0,False
2011-05-13,34,2011-05-13,2770.0,False
2011-05-13,45,2011-05-13,2460.0,False
2011-05-13,14,2011-05-13,7735.0,False
2011-05-13,10,2011-05-13,2750.0,False
2011-05-13,17,2011-05-13,1390.0,False
2011-05-13,13,2011-05-13,6500.0,False
2011-05-20,7,2011-05-20,230.0,False
2011-05-20,40,2011-05-20,4175.0,False
2011-05-20,19,2011-05-20,5455.0,False
2011-05-20,4,2011-05-20,4320.0,False
2011-05-20,34,2011-05-20,855.0,False
2011-05-20,28,2011-05-20,2090.0,False
2011-05-20,39,2011-05-20,1475.0,False
2011-05-20,20,2011-05-20,815.0,False
2011-05-20,32,2011-05-20,1985.0,False
2011-05-20,22,2011-05-20,1550.0,False
2011-05-20,21,2011-05-20,310.0,False
2011-05-20,24,2011-05-20,1540.0,False
2011-05-20,27,2011-05-20,475.0,False
2011-05-20,1,2011-05-20,1575.0,False
2011-05-20,14,2011-05-20,4310.0,False
2011-05-20,45,2011-05-20,848.88,False
2011-05-20,35,2011-05-20,1945.0,False
2011-05-20,29,2011-05-20,390.0,False
2011-05-20,6,2011-05-20,2615.0,False
2011-05-20,2,2011-05-20,8655.0,False
2011-05-20,11,2011-05-20,1935.0,False
2011-05-20,18,2011-05-20,3085.0,False
2011-05-20,31,2011-05-20,3585.0,False
2011-05-20,13,2011-05-20,5785.0,False
2011-05-20,10,2011-05-20,3460.0,False
2011-05-20,41,2011-05-20,6170.0,False
2011-05-20,23,2011-05-20,2964.97,False
2011-05-20,5,2011-05-20,255.0,False
2011-05-20,17,2011-05-20,470.0,False
2011-05-27,35,2011-05-27,310.0,False
2011-05-27,23,2011-05-27,1194.97,False
2011-05-27,10,2011-05-27,1925.0,False
2011-05-27,27,2011-05-27,1570.0,False
2011-05-27,25,2011-05-27,230.0,False
2011-05-27,13,2011-05-27,5665.0,False
2011-05-27,29,2011-05-27,410.0,False
2011-05-27,28,2011-05-27,4480.0,False
2011-05-27,14,2011-05-27,4340.0,False
2011-05-27,40,2011-05-27,2265.0,False
2011-05-27,24,2011-05-27,1534.97,False
2011-05-27,12,2011-05-27,1070.0,False
2011-05-27,21,2011-05-27,820.0,False
2011-05-27,34,2011-05-27,725.0,False
2011-05-27,45,2011-05-27,2150.0,False
2011-05-27,6,2011-05-27,1595.0,False
2011-05-27,2,2011-05-27,11140.0,False
2011-05-27,11,2011-05-27,910.0,False
2011-05-27,22,2011-05-27,3195.0,False
2011-05-27,1,2011-05-27,2170.0,False
2011-05-27,31,2011-05-27,2605.0,False
2011-05-27,20,2011-05-27,3560.0,False
2011-05-27,41,2011-05-27,3710.0,False
2011-05-27,4,2011-05-27,7175.0,False
2011-05-27,5,2011-05-27,640.0,False
2011-05-27,39,2011-05-27,1705.0,False
2011-05-27,32,2011-05-27,780.0,False
2011-05-27,7,2011-05-27,550.0,False
2011-05-27,8,2011-05-27,360.0,False
2011-05-27,19,2011-05-27,1845.0,False
2011-05-27,18,2011-05-27,550.0,False
2011-06-03,20,2011-06-03,2490.0,False
2011-06-03,25,2011-06-03,230.0,False
2011-06-03,21,2011-06-03,520.0,False
2011-06-03,34,2011-06-03,335.0,False
2011-06-03,28,2011-06-03,2955.0,False
2011-06-03,1,2011-06-03,1455.0,False
2011-06-03,11,2011-06-03,3350.0,False
2011-06-03,41,2011-06-03,8200.0,False
2011-06-03,5,2011-06-03,535.0,False
2011-06-03,35,2011-06-03,800.0,False
2011-06-03,12,2011-06-03,2600.0,False
2011-06-03,45,2011-06-03,2420.0,False
2011-06-03,23,2011-06-03,2360.0,False
2011-06-03,22,2011-06-03,1340.0,False
2011-06-03,6,2011-06-03,2500.0,False
2011-06-03,8,2011-06-03,2165.0,False
2011-06-03,32,2011-06-03,230.0,False
2011-06-03,27,2011-06-03,1100.0,False
2011-06-03,31,2011-06-03,3590.0,False
2011-06-03,13,2011-06-03,4985.0,False
2011-06-03,19,2011-06-03,1430.0,False
2011-06-03,24,2011-06-03,1215.0,False
2011-06-03,15,2011-06-03,1600.0,False
2011-06-03,39,2011-06-03,4375.0,False
2011-06-03,17,2011-06-03,1350.0,False
2011-06-03,40,2011-06-03,2905.0,False
2011-06-03,10,2011-06-03,3540.0,False
2011-06-03,18,2011-06-03,1930.0,False
2011-06-03,14,2011-06-03,3635.0,False
2011-06-03,2,2011-06-03,20740.0,False
2011-06-03,4,2011-06-03,6930.0,False
2011-06-10,39,2011-06-10,1445.0,False
2011-06-10,45,2011-06-10,2460.0,False
2011-06-10,17,2011-06-10,615.0,False
2011-06-10,28,2011-06-10,4740.0,False
2011-06-10,20,2011-06-10,2630.0,False
2011-06-10,18,2011-06-10,3075.0,False
2011-06-10,8,2011-06-10,1265.0,False
2011-06-10,12,2011-06-10,1640.0,False
2011-06-10,32,2011-06-10,2950.0,False
2011-06-10,31,2011-06-10,1665.0,False
2011-06-10,4,2011-06-10,5495.0,False
2011-06-10,14,2011-06-10,7110.0,False
2011-06-10,41,2011-06-10,6340.0,False
2011-06-10,40,2011-06-10,2905.0,False
2011-06-10,22,2011-06-10,1790.0,False
2011-06-10,11,2011-06-10,1880.0,False
2011-06-10,1,2011-06-10,2400.0,False
2011-06-10,2,2011-06-10,18705.0,False
2011-06-10,5,2011-06-10,180.0,False
2011-06-10,24,2011-06-10,1800.0,False
2011-06-10,21,2011-06-10,470.0,False
2011-06-10,19,2011-06-10,1870.0,False
2011-06-10,6,2011-06-10,2715.0,False
2011-06-10,34,2011-06-10,1650.0,False
2011-06-10,29,2011-06-10,4700.0,False
2011-06-10,35,2011-06-10,2205.0,False
2011-06-10,7,2011-06-10,935.0,False
2011-06-10,25,2011-06-10,720.0,False
2011-06-10,27,2011-06-10,1655.0,False
2011-06-10,13,2011-06-10,4975.0,False
2011-06-10,10,2011-06-10,6345.0,False
2011-06-10,23,2011-06-10,2900.0,False
2011-06-10,15,2011-06-10,1575.0,False
2011-06-17,11,2011-06-17,2615.0,False
2011-06-17,7,2011-06-17,265.0,False
2011-06-17,21,2011-06-17,1340.0,False
2011-06-17,2,2011-06-17,24720.0,False
2011-06-17,6,2011-06-17,3020.0,False
2011-06-17,40,2011-06-17,3300.0,False
2011-06-17,39,2011-06-17,2495.0,False
2011-06-17,14,2011-06-17,7360.0,False
2011-06-17,10,2011-06-17,7925.0,False
2011-06-17,4,2011-06-17,9267.94,False
2011-06-17,25,2011-06-17,230.0,False
2011-06-17,18,2011-06-17,2845.0,False
2011-06-17,29,2011-06-17,795.0,False
2011-06-17,27,2011-06-17,1160.0,False
2011-06-17,23,2011-06-17,2988.88,False
2011-06-17,22,2011-06-17,4230.0,False
2011-06-17,1,2011-06-17,4700.0,False
2011-06-17,15,2011-06-17,310.0,False
2011-06-17,19,2011-06-17,3385.0,False
2011-06-17,20,2011-06-17,3130.0,False
2011-06-17,8,2011-06-17,240.0,False
2011-06-17,35,2011-06-17,2140.0,False
2011-06-17,5,2011-06-17,765.0,False
2011-06-17,12,2011-06-17,4065.0,False
2011-06-17,13,2011-06-17,7590.0,False
2011-06-17,17,2011-06-17,1910.0,False
2011-06-17,41,2011-06-17,8710.0,False
2011-06-17,24,2011-06-17,410.0,False
2011-06-17,32,2011-06-17,3475.0,False
2011-06-17,28,2011-06-17,6335.0,False
2011-06-17,31,2011-06-17,5115.0,False
2011-06-24,16,2011-06-24,230.0,False
2011-06-24,25,2011-06-24,515.0,False
2011-06-24,17,2011-06-24,1000.0,False
2011-06-24,32,2011-06-24,5030.0,False
2011-06-24,14,2011-06-24,8310.0,False
2011-06-24,31,2011-06-24,2160.0,False
2011-06-24,15,2011-06-24,1100.0,False
2011-06-24,23,2011-06-24,6425.0,False
2011-06-24,27,2011-06-24,460.0,False
2011-06-24,5,2011-06-24,1225.0,False
2011-06-24,2,2011-06-24,22785.0,False
2011-06-24,11,2011-06-24,2275.0,False
2011-06-24,35,2011-06-24,1430.0,False
2011-06-24,8,2011-06-24,930.0,False
2011-06-24,29,2011-06-24,640.0,False
2011-06-24,18,2011-06-24,4710.0,False
2011-06-24,6,2011-06-24,3365.0,False
2011-06-24,19,2011-06-24,4255.0,False
2011-06-24,34,2011-06-24,960.0,False
2011-06-24,22,2011-06-24,5530.0,False
2011-06-24,28,2011-06-24,5585.0,False
2011-06-24,41,2011-06-24,5255.0,False
2011-06-24,24,2011-06-24,3675.0,False
2011-06-24,40,2011-06-24,1890.0,False
2011-06-24,39,2011-06-24,1280.0,False
2011-06-24,10,2011-06-24,5750.0,False
2011-06-24,12,2011-06-24,840.0,False
2011-06-24,21,2011-06-24,1600.0,False
2011-06-24,20,2011-06-24,4405.0,False
2011-06-24,1,2011-06-24,4330.0,False
2011-06-24,13,2011-06-24,8700.0,False
2011-06-24,45,2011-06-24,635.0,False
2011-06-24,4,2011-06-24,6940.0,False
2011-07-01,35,2011-07-01,4365.0,False
2011-07-01,19,2011-07-01,3010.0,False
2011-07-01,5,2011-07-01,1745.0,False
2011-07-01,45,2011-07-01,3120.0,False
2011-07-01,20,2011-07-01,2090.0,False
2011-07-01,8,2011-07-01,2675.0,False
2011-07-01,31,2011-07-01,4330.0,False
2011-07-01,1,2011-07-01,2650.0,False
2011-07-01,24,2011-07-01,1330.0,False
2011-07-01,13,2011-07-01,7550.0,False
2011-07-01,12,2011-07-01,2205.0,False
2011-07-01,17,2011-07-01,1030.0,False
2011-07-01,28,2011-07-01,3515.0,False
2011-07-01,6,2011-07-01,1984.97,False
2011-07-01,39,2011-07-01,3149.97,False
2011-07-01,14,2011-07-01,6910.0,False
2011-07-01,10,2011-07-01,7810.0,False
2011-07-01,21,2011-07-01,3370.0,False
2011-07-01,40,2011-07-01,1980.0,False
2011-07-01,2,2011-07-01,25355.0,False
2011-07-01,41,2011-07-01,4150.0,False
2011-07-01,18,2011-07-01,5795.0,False
2011-07-01,22,2011-07-01,2395.0,False
2011-07-01,11,2011-07-01,1525.0,False
2011-07-01,29,2011-07-01,1455.0,False
2011-07-01,32,2011-07-01,2785.0,False
2011-07-01,27,2011-07-01,1220.0,False
2011-07-01,23,2011-07-01,2875.0,False
2011-07-01,4,2011-07-01,6290.0,False
2011-07-08,25,2011-07-08,230.0,False
2011-07-08,13,2011-07-08,8215.0,False
2011-07-08,35,2011-07-08,940.0,False
2011-07-08,10,2011-07-08,7965.0,False
2011-07-08,15,2011-07-08,290.0,False
2011-07-08,41,2011-07-08,7350.0,False
2011-07-08,23,2011-07-08,3140.0,False
2011-07-08,27,2011-07-08,960.0,False
2011-07-08,29,2011-07-08,1405.0,False
2011-07-08,19,2011-07-08,3730.0,False
2011-07-08,20,2011-07-08,3440.0,False
2011-07-08,32,2011-07-08,840.0,False
2011-07-08,18,2011-07-08,3145.0,False
2011-07-08,4,2011-07-08,5665.0,False
2011-07-08,14,2011-07-08,4965.0,False
2011-07-08,39,2011-07-08,1780.0,False
2011-07-08,40,2011-07-08,3640.0,False
2011-07-08,2,2011-07-08,22474.97,False
2011-07-08,22,2011-07-08,3540.0,False
2011-07-08,6,2011-07-08,5320.0,False
2011-07-08,11,2011-07-08,755.0,False
2011-07-08,1,2011-07-08,4875.0,False
2011-07-08,8,2011-07-08,2255.0,False
2011-07-08,5,2011-07-08,610.0,False
2011-07-08,24,2011-07-08,1525.0,False
2011-07-08,17,2011-07-08,500.0,False
2011-07-08,45,2011-07-08,1360.0,False
2011-07-08,28,2011-07-08,4220.0,False
2011-07-08,31,2011-07-08,1560.0,False
2011-07-08,21,2011-07-08,1485.0,False
2011-07-08,12,2011-07-08,1195.0,False
2011-07-15,21,2011-07-15,310.0,False
2011-07-15,25,2011-07-15,1015.0,False
2011-07-15,4,2011-07-15,7565.0,False
2011-07-15,22,2011-07-15,2515.0,False
2011-07-15,2,2011-07-15,16385.0,False
2011-07-15,23,2011-07-15,4620.0,False
2011-07-15,27,2011-07-15,1395.0,False
2011-07-15,28,2011-07-15,2800.0,False
2011-07-15,41,2011-07-15,3635.0,False
2011-07-15,45,2011-07-15,1855.0,False
2011-07-15,24,2011-07-15,400.0,False
2011-07-15,11,2011-07-15,3455.0,False
2011-07-15,6,2011-07-15,3335.0,False
2011-07-15,1,2011-07-15,4365.0,False
2011-07-15,20,2011-07-15,2185.0,False
2011-07-15,10,2011-07-15,3360.0,False
2011-07-15,40,2011-07-15,3700.0,False
2011-07-15,32,2011-07-15,860.0,False
2011-07-15,12,2011-07-15,905.0,False
2011-07-15,19,2011-07-15,3805.0,False
2011-07-15,8,2011-07-15,3545.0,False
2011-07-15,15,2011-07-15,285.0,False
2011-07-15,17,2011-07-15,1045.0,False
2011-07-15,13,2011-07-15,2250.0,False
2011-07-15,5,2011-07-15,1510.0,False
2011-07-15,14,2011-07-15,4955.0,False
2011-07-15,39,2011-07-15,2205.0,False
2011-07-15,31,2011-07-15,3395.0,False
2011-07-15,35,2011-07-15,745.0,False
2011-07-15,18,2011-07-15,3130.0,False
2011-07-22,17,2011-07-22,510.0,False
2011-07-22,28,2011-07-22,6983.97,False
2011-07-22,20,2011-07-22,3185.0,False
2011-07-22,35,2011-07-22,3490.0,False
2011-07-22,41,2011-07-22,7785.0,False
2011-07-22,32,2011-07-22,2165.0,False
2011-07-22,7,2011-07-22,1320.0,False
2011-07-22,18,2011-07-22,5220.0,False
2011-07-22,22,2011-07-22,90.0,False
2011-07-22,2,2011-07-22,18100.0,False
2011-07-22,13,2011-07-22,6990.0,False
2011-07-22,8,2011-07-22,855.0,False
2011-07-22,27,2011-07-22,230.0,False
2011-07-22,21,2011-07-22,750.0,False
2011-07-22,12,2011-07-22,1900.0,False
2011-07-22,4,2011-07-22,6395.0,False
2011-07-22,6,2011-07-22,3690.0,False
2011-07-22,14,2011-07-22,7804.97,False
2011-07-22,24,2011-07-22,3785.0,False
2011-07-22,39,2011-07-22,1190.0,False
2011-07-22,1,2011-07-22,5035.0,False
2011-07-22,5,2011-07-22,580.0,False
2011-07-22,23,2011-07-22,2500.0,False
2011-07-22,19,2011-07-22,1040.0,False
2011-07-22,40,2011-07-22,2410.0,False
2011-07-22,31,2011-07-22,3960.0,False
2011-07-22,10,2011-07-22,7430.0,False
2011-07-22,25,2011-07-22,535.0,False
2011-07-22,11,2011-07-22,1605.0,False
2011-07-22,45,2011-07-22,1215.0,False
2011-07-29,14,2011-07-29,5410.0,False
2011-07-29,35,2011-07-29,1950.0,False
2011-07-29,13,2011-07-29,6765.0,False
2011-07-29,2,2011-07-29,19290.0,False
2011-07-29,41,2011-07-29,5165.0,False
2011-07-29,45,2011-07-29,580.0,False
2011-07-29,39,2011-07-29,225.0,False
2011-07-29,23,2011-07-29,2395.0,False
2011-07-29,18,2011-07-29,4830.0,False
2011-07-29,1,2011-07-29,4745.0,False
2011-07-29,10,2011-07-29,6745.0,False
2011-07-29,40,2011-07-29,1240.0,False
2011-07-29,6,2011-07-29,3990.0,False
2011-07-29,28,2011-07-29,2860.0,False
2011-07-29,19,2011-07-29,3215.0,False
2011-07-29,12,2011-07-29,1220.0,False
2011-07-29,27,2011-07-29,800.0,False
2011-07-29,4,2011-07-29,3455.0,False
2011-07-29,22,2011-07-29,1835.0,False
2011-07-29,32,2011-07-29,770.0,False
2011-07-29,17,2011-07-29,460.0,False
2011-07-29,8,2011-07-29,1180.0,False
2011-07-29,15,2011-07-29,390.0,False
2011-07-29,24,2011-07-29,2900.0,False
2011-07-29,25,2011-07-29,580.0,False
2011-07-29,20,2011-07-29,1485.0,False
2011-07-29,5,2011-07-29,255.0,False
2011-07-29,31,2011-07-29,4130.0,False
2011-07-29,11,2011-07-29,1950.0,False
2011-08-05,17,2011-08-05,1810.0,False
2011-08-05,18,2011-08-05,3775.0,False
2011-08-05,11,2011-08-05,2650.0,False
2011-08-05,4,2011-08-05,6460.0,False
2011-08-05,40,2011-08-05,4085.0,False
2011-08-05,8,2011-08-05,1505.0,False
2011-08-05,20,2011-08-05,5955.0,False
2011-08-05,19,2011-08-05,1425.0,False
2011-08-05,25,2011-08-05,430.0,False
2011-08-05,32,2011-08-05,1230.0,False
2011-08-05,10,2011-08-05,4825.0,False
2011-08-05,41,2011-08-05,8630.0,False
2011-08-05,13,2011-08-05,11270.0,False
2011-08-05,23,2011-08-05,4059.97,False
2011-08-05,7,2011-08-05,1050.0,False
2011-08-05,6,2011-08-05,5315.0,False
2011-08-05,45,2011-08-05,1720.0,False
2011-08-05,1,2011-08-05,3315.0,False
2011-08-05,28,2011-08-05,4005.0,False
2011-08-05,31,2011-08-05,2005.0,False
2011-08-05,22,2011-08-05,5025.0,False
2011-08-05,35,2011-08-05,1955.0,False
2011-08-05,2,2011-08-05,21960.0,False
2011-08-05,14,2011-08-05,7800.0,False
2011-08-05,24,2011-08-05,1745.0,False
2011-08-05,5,2011-08-05,1680.0,False
2011-08-05,21,2011-08-05,655.0,False
2011-08-05,12,2011-08-05,1680.0,False
2011-08-05,39,2011-08-05,705.0,False
2011-08-05,27,2011-08-05,2420.0,False
2011-08-05,15,2011-08-05,515.0,False
2011-08-12,10,2011-08-12,3925.0,False
2011-08-12,32,2011-08-12,840.0,False
2011-08-12,1,2011-08-12,1365.0,False
2011-08-12,40,2011-08-12,2665.0,False
2011-08-12,23,2011-08-12,2485.0,False
2011-08-12,22,2011-08-12,3855.0,False
2011-08-12,5,2011-08-12,1125.0,False
2011-08-12,14,2011-08-12,7425.0,False
2011-08-12,13,2011-08-12,7160.0,False
2011-08-12,6,2011-08-12,4555.0,False
2011-08-12,19,2011-08-12,3665.0,False
2011-08-12,39,2011-08-12,1295.0,False
2011-08-12,25,2011-08-12,1785.0,False
2011-08-12,24,2011-08-12,990.0,False
2011-08-12,28,2011-08-12,2840.0,False
2011-08-12,45,2011-08-12,1720.0,False
2011-08-12,35,2011-08-12,670.0,False
2011-08-12,2,2011-08-12,16965.0,False
2011-08-12,31,2011-08-12,3615.0,False
2011-08-12,29,2011-08-12,340.0,False
2011-08-12,21,2011-08-12,1515.0,False
2011-08-12,12,2011-08-12,835.0,False
2011-08-12,27,2011-08-12,1190.0,False
2011-08-12,8,2011-08-12,570.0,False
2011-08-12,11,2011-08-12,2945.0,False
2011-08-12,41,2011-08-12,1530.0,False
2011-08-12,18,2011-08-12,2850.0,False
2011-08-12,20,2011-08-12,4235.0,False
2011-08-12,17,2011-08-12,1590.0,False
2011-08-12,4,2011-08-12,3510.0,False
2011-08-19,22,2011-08-19,3570.0,False
2011-08-19,2,2011-08-19,16500.0,False
2011-08-19,14,2011-08-19,9485.0,False
2011-08-19,13,2011-08-19,7285.0,False
2011-08-19,1,2011-08-19,4645.0,False
2011-08-19,4,2011-08-19,6120.0,False
2011-08-19,45,2011-08-19,1155.0,False
2011-08-19,39,2011-08-19,1725.0,False
2011-08-19,31,2011-08-19,7210.0,False
2011-08-19,40,2011-08-19,1330.0,False
2011-08-19,35,2011-08-19,2930.0,False
2011-08-19,41,2011-08-19,9540.0,False
2011-08-19,25,2011-08-19,250.0,False
2011-08-19,32,2011-08-19,1920.0,False
2011-08-19,12,2011-08-19,50.0,False
2011-08-19,29,2011-08-19,570.0,False
2011-08-19,15,2011-08-19,630.0,False
2011-08-19,28,2011-08-19,5985.0,False
2011-08-19,23,2011-08-19,2505.0,False
2011-08-19,19,2011-08-19,1300.0,False
2011-08-19,11,2011-08-19,6105.0,False
2011-08-19,17,2011-08-19,1365.0,False
2011-08-19,27,2011-08-19,600.0,False
2011-08-19,24,2011-08-19,2200.0,False
2011-08-19,5,2011-08-19,1270.0,False
2011-08-19,10,2011-08-19,4915.0,False
2011-08-19,8,2011-08-19,240.0,False
2011-08-19,6,2011-08-19,915.0,False
2011-08-19,20,2011-08-19,4235.0,False
2011-08-19,18,2011-08-19,1915.0,False
2011-08-26,18,2011-08-26,2605.0,False
2011-08-26,10,2011-08-26,3320.0,False
2011-08-26,17,2011-08-26,3110.0,False
2011-08-26,13,2011-08-26,9485.0,False
2011-08-26,22,2011-08-26,2470.0,False
2011-08-26,31,2011-08-26,2755.0,False
2011-08-26,4,2011-08-26,7570.0,False
2011-08-26,7,2011-08-26,355.0,False
2011-08-26,1,2011-08-26,6070.0,False
2011-08-26,24,2011-08-26,2190.0,False
2011-08-26,23,2011-08-26,4015.0,False
2011-08-26,41,2011-08-26,7777.5,False
2011-08-26,27,2011-08-26,515.0,False
2011-08-26,6,2011-08-26,1855.0,False
2011-08-26,15,2011-08-26,1495.0,False
2011-08-26,19,2011-08-26,1080.0,False
2011-08-26,35,2011-08-26,890.0,False
2011-08-26,11,2011-08-26,3207.5,False
2011-08-26,20,2011-08-26,4200.0,False
2011-08-26,12,2011-08-26,1740.0,False
2011-08-26,29,2011-08-26,385.0,False
2011-08-26,32,2011-08-26,680.0,False
2011-08-26,45,2011-08-26,1115.0,False
2011-08-26,8,2011-08-26,1045.0,False
2011-08-26,5,2011-08-26,310.0,False
2011-08-26,25,2011-08-26,630.0,False
2011-08-26,2,2011-08-26,17577.47,False
2011-08-26,40,2011-08-26,1925.0,False
2011-08-26,14,2011-08-26,6225.0,False
2011-08-26,39,2011-08-26,952.5,False
2011-08-26,28,2011-08-26,4860.0,False
2011-09-02,45,2011-09-02,2010.0,False
2011-09-02,27,2011-09-02,260.0,False
2011-09-02,19,2011-09-02,500.0,False
2011-09-02,40,2011-09-02,360.0,False
2011-09-02,28,2011-09-02,7330.0,False
2011-09-02,15,2011-09-02,365.0,False
2011-09-02,11,2011-09-02,2920.0,False
2011-09-02,20,2011-09-02,4630.0,False
2011-09-02,32,2011-09-02,1005.0,False
2011-09-02,17,2011-09-02,610.0,False
2011-09-02,5,2011-09-02,1230.0,False
2011-09-02,2,2011-09-02,15492.5,False
2011-09-02,13,2011-09-02,8937.5,False
2011-09-02,1,2011-09-02,2720.0,False
2011-09-02,31,2011-09-02,3590.0,False
2011-09-02,18,2011-09-02,2052.5,False
2011-09-02,35,2011-09-02,775.0,False
2011-09-02,8,2011-09-02,1215.0,False
2011-09-02,6,2011-09-02,5485.0,False
2011-09-02,22,2011-09-02,625.0,False
2011-09-02,10,2011-09-02,6332.5,False
2011-09-02,14,2011-09-02,7600.0,False
2011-09-02,4,2011-09-02,7515.0,False
2011-09-02,12,2011-09-02,2380.0,False
2011-09-02,41,2011-09-02,4217.5,False
2011-09-02,23,2011-09-02,5130.0,False
2011-09-02,39,2011-09-02,1485.0,False
2011-09-09,21,2011-09-09,1000.0,True
2011-09-09,35,2011-09-09,1022.5,True
2011-09-09,20,2011-09-09,5705.0,True
2011-09-09,10,2011-09-09,2565.0,True
2011-09-09,7,2011-09-09,400.0,True
2011-09-09,24,2011-09-09,1540.0,True
2011-09-09,25,2011-09-09,940.0,True
2011-09-09,32,2011-09-09,1262.5,True
2011-09-09,22,2011-09-09,4705.0,True
2011-09-09,2,2011-09-09,27080.0,True
2011-09-09,40,2011-09-09,1340.0,True
2011-09-09,13,2011-09-09,11010.0,True
2011-09-09,16,2011-09-09,385.0,True
2011-09-09,39,2011-09-09,1945.0,True
2011-09-09,31,2011-09-09,3415.0,True
2011-09-09,6,2011-09-09,2745.0,True
2011-09-09,41,2011-09-09,5545.0,True
2011-09-09,4,2011-09-09,5775.0,True
2011-09-09,15,2011-09-09,820.0,True
2011-09-09,28,2011-09-09,5105.0,True
2011-09-09,17,2011-09-09,2810.0,True
2011-09-09,1,2011-09-09,2735.0,True
2011-09-09,23,2011-09-09,2045.0,True
2011-09-09,12,2011-09-09,3925.0,True
2011-09-09,29,2011-09-09,515.0,True
2011-09-09,11,2011-09-09,2317.5,True
2011-09-09,27,2011-09-09,2215.0,True
2011-09-09,45,2011-09-09,710.0,True
2011-09-09,19,2011-09-09,2550.0,True
2011-09-09,18,2011-09-09,3902.5,True
2011-09-09,14,2011-09-09,4770.0,True
2011-09-16,39,2011-09-16,2197.5,False
2011-09-16,32,2011-09-16,3505.0,False
2011-09-16,23,2011-09-16,4145.0,False
2011-09-16,7,2011-09-16,390.0,False
2011-09-16,14,2011-09-16,6035.0,False
2011-09-16,17,2011-09-16,1080.0,False
2011-09-16,2,2011-09-16,15497.5,False
2011-09-16,11,2011-09-16,2820.0,False
2011-09-16,40,2011-09-16,1365.0,False
2011-09-16,22,2011-09-16,5160.0,False
2011-09-16,45,2011-09-16,430.0,False
2011-09-16,21,2011-09-16,365.0,False
2011-09-16,20,2011-09-16,3230.0,False
2011-09-16,12,2011-09-16,2110.0,False
2011-09-16,10,2011-09-16,5165.0,False
2011-09-16,28,2011-09-16,860.0,False
2011-09-16,19,2011-09-16,3795.0,False
2011-09-16,1,2011-09-16,5238.97,False
2011-09-16,29,2011-09-16,475.0,False
2011-09-16,31,2011-09-16,2770.0,False
2011-09-16,18,2011-09-16,4495.0,False
2011-09-16,25,2011-09-16,690.0,False
2011-09-16,35,2011-09-16,845.0,False
2011-09-16,41,2011-09-16,5567.5,False
2011-09-16,4,2011-09-16,6905.0,False
2011-09-16,13,2011-09-16,2447.5,False
2011-09-16,24,2011-09-16,990.0,False
2011-09-16,5,2011-09-16,255.0,False
2011-09-16,6,2011-09-16,4295.0,False
2011-09-23,35,2011-09-23,415.0,False
2011-09-23,15,2011-09-23,860.0,False
2011-09-23,4,2011-09-23,8490.0,False
2011-09-23,6,2011-09-23,3990.0,False
2011-09-23,45,2011-09-23,2645.0,False
2011-09-23,28,2011-09-23,2320.0,False
2011-09-23,12,2011-09-23,595.0,False
2011-09-23,29,2011-09-23,1437.5,False
2011-09-23,11,2011-09-23,1782.5,False
2011-09-23,39,2011-09-23,635.0,False
2011-09-23,8,2011-09-23,360.0,False
2011-09-23,22,2011-09-23,1737.5,False
2011-09-23,21,2011-09-23,630.0,False
2011-09-23,17,2011-09-23,875.0,False
2011-09-23,13,2011-09-23,4742.5,False
2011-09-23,24,2011-09-23,3785.0,False
2011-09-23,14,2011-09-23,8735.0,False
2011-09-23,1,2011-09-23,1520.0,False
2011-09-23,41,2011-09-23,3725.0,False
2011-09-23,32,2011-09-23,887.5,False
2011-09-23,23,2011-09-23,2830.0,False
2011-09-23,25,2011-09-23,230.0,False
2011-09-23,18,2011-09-23,4022.5,False
2011-09-23,5,2011-09-23,1195.0,False
2011-09-23,2,2011-09-23,19640.0,False
2011-09-23,20,2011-09-23,4515.0,False
2011-09-23,10,2011-09-23,4762.5,False
2011-09-23,19,2011-09-23,1847.5,False
2011-09-23,40,2011-09-23,1170.0,False
2011-09-23,31,2011-09-23,2810.0,False
2011-09-23,27,2011-09-23,285.0,False
2011-09-30,27,2011-09-30,1800.0,False
2011-09-30,19,2011-09-30,2282.5,False
2011-09-30,17,2011-09-30,805.0,False
2011-09-30,29,2011-09-30,760.0,False
2011-09-30,28,2011-09-30,5185.0,False
2011-09-30,11,2011-09-30,2357.5,False
2011-09-30,21,2011-09-30,685.0,False
2011-09-30,5,2011-09-30,1090.0,False
2011-09-30,20,2011-09-30,2450.0,False
2011-09-30,32,2011-09-30,1120.0,False
2011-09-30,25,2011-09-30,1175.0,False
2011-09-30,2,2011-09-30,18215.0,False
2011-09-30,45,2011-09-30,1492.5,False
2011-09-30,8,2011-09-30,2570.0,False
2011-09-30,1,2011-09-30,1735.0,False
2011-09-30,10,2011-09-30,4067.5,False
2011-09-30,18,2011-09-30,1692.5,False
2011-09-30,31,2011-09-30,3145.0,False
2011-09-30,22,2011-09-30,1935.0,False
2011-09-30,6,2011-09-30,3285.0,False
2011-09-30,4,2011-09-30,6750.0,False
2011-09-30,7,2011-09-30,840.0,False
2011-09-30,12,2011-09-30,2277.5,False
2011-09-30,39,2011-09-30,2165.0,False
2011-09-30,13,2011-09-30,5740.0,False
2011-09-30,23,2011-09-30,3690.0,False
2011-09-30,24,2011-09-30,845.0,False
2011-09-30,41,2011-09-30,4755.0,False
2011-09-30,14,2011-09-30,6017.5,False
2011-09-30,40,2011-09-30,6405.0,False
2011-09-30,35,2011-09-30,550.0,False
2011-10-07,40,2011-10-07,3425.0,False
2011-10-07,5,2011-10-07,1325.0,False
2011-10-07,8,2011-10-07,615.0,False
2011-10-07,22,2011-10-07,1190.0,False
2011-10-07,14,2011-10-07,5500.0,False
2011-10-07,20,2011-10-07,6735.0,False
2011-10-07,21,2011-10-07,510.0,False
2011-10-07,24,2011-10-07,780.0,False
2011-10-07,32,2011-10-07,3572.5,False
2011-10-07,13,2011-10-07,8916.97,False
2011-10-07,25,2011-10-07,230.0,False
2011-10-07,2,2011-10-07,16825.0,False
2011-10-07,18,2011-10-07,3962.5,False
2011-10-07,31,2011-10-07,4000.0,False
2011-10-07,23,2011-10-07,1780.0,False
2011-10-07,39,2011-10-07,952.5,False
2011-10-07,17,2011-10-07,780.0,False
2011-10-07,41,2011-10-07,8590.0,False
2011-10-07,19,2011-10-07,1100.0,False
2011-10-07,27,2011-10-07,1370.0,False
2011-10-07,4,2011-10-07,8525.0,False
2011-10-07,6,2011-10-07,3290.0,False
2011-10-07,45,2011-10-07,2072.5,False
2011-10-07,1,2011-10-07,4128.97,False
2011-10-07,12,2011-10-07,1360.0,False
2011-10-07,29,2011-10-07,1750.0,False
2011-10-07,35,2011-10-07,1065.0,False
2011-10-07,10,2011-10-07,2452.5,False
2011-10-07,15,2011-10-07,260.0,False
2011-10-07,28,2011-10-07,3143.94,False
2011-10-07,11,2011-10-07,2069.97,False
2011-10-14,32,2011-10-14,2200.0,False
2011-10-14,45,2011-10-14,477.5,False
2011-10-14,24,2011-10-14,2534.97,False
2011-10-14,35,2011-10-14,292.5,False
2011-10-14,13,2011-10-14,5195.0,False
2011-10-14,10,2011-10-14,3912.5,False
2011-10-14,14,2011-10-14,3650.0,False
2011-10-14,12,2011-10-14,807.5,False
2011-10-14,11,2011-10-14,1942.5,False
2011-10-14,39,2011-10-14,2372.5,False
2011-10-14,4,2011-10-14,5070.0,False
2011-10-14,40,2011-10-14,4070.0,False
2011-10-14,6,2011-10-14,2155.0,False
2011-10-14,17,2011-10-14,1030.0,False
2011-10-14,22,2011-10-14,2197.5,False
2011-10-14,41,2011-10-14,4115.0,False
2011-10-14,19,2011-10-14,850.0,False
2011-10-14,18,2011-10-14,1812.5,False
2011-10-14,31,2011-10-14,1990.0,False
2011-10-14,23,2011-10-14,2880.0,False
2011-10-14,29,2011-10-14,885.0,False
2011-10-14,21,2011-10-14,67.5,False
2011-10-14,5,2011-10-14,360.0,False
2011-10-14,20,2011-10-14,4400.0,False
2011-10-14,1,2011-10-14,3195.0,False
2011-10-14,15,2011-10-14,90.0,False
2011-10-14,28,2011-10-14,1672.5,False
2011-10-14,2,2011-10-14,19817.5,False
2011-10-21,24,2011-10-21,2480.0,False
2011-10-21,40,2011-10-21,4980.0,False
2011-10-21,31,2011-10-21,3220.0,False
2011-10-21,18,2011-10-21,2307.5,False
2011-10-21,22,2011-10-21,4662.5,False
2011-10-21,1,2011-10-21,2515.0,False
2011-10-21,17,2011-10-21,620.0,False
2011-10-21,2,2011-10-21,22970.0,False
2011-10-21,12,2011-10-21,2197.5,False
2011-10-21,6,2011-10-21,2820.0,False
2011-10-21,4,2011-10-21,4285.0,False
2011-10-21,41,2011-10-21,4870.0,False
2011-10-21,19,2011-10-21,1165.0,False
2011-10-21,45,2011-10-21,905.0,False
2011-10-21,29,2011-10-21,627.5,False
2011-10-21,11,2011-10-21,1285.0,False
2011-10-21,21,2011-10-21,270.0,False
2011-10-21,5,2011-10-21,1130.0,False
2011-10-21,20,2011-10-21,5185.0,False
2011-10-21,28,2011-10-21,3220.0,False
2011-10-21,25,2011-10-21,230.0,False
2011-10-21,35,2011-10-21,610.0,False
2011-10-21,13,2011-10-21,7907.5,False
2011-10-21,10,2011-10-21,7795.0,False
2011-10-21,39,2011-10-21,1445.0,False
2011-10-21,15,2011-10-21,230.0,False
2011-10-21,23,2011-10-21,2545.0,False
2011-10-21,14,2011-10-21,9192.5,False
2011-10-21,32,2011-10-21,2960.0,False
2011-10-21,27,2011-10-21,355.0,False
2011-10-28,27,2011-10-28,570.0,False
2011-10-28,31,2011-10-28,1175.0,False
2011-10-28,39,2011-10-28,2165.0,False
2011-10-28,24,2011-10-28,1195.0,False
2011-10-28,41,2011-10-28,3590.0,False
2011-10-28,23,2011-10-28,2180.0,False
2011-10-28,18,2011-10-28,3370.0,False
2011-10-28,32,2011-10-28,1927.5,False
2011-10-28,22,2011-10-28,3650.0,False
2011-10-28,12,2011-10-28,1137.5,False
2011-10-28,14,2011-10-28,7242.5,False
2011-10-28,40,2011-10-28,3615.0,False
2011-10-28,10,2011-10-28,4410.0,False
2011-10-28,5,2011-10-28,1160.0,False
2011-10-28,20,2011-10-28,3700.0,False
2011-10-28,6,2011-10-28,1565.0,False
2011-10-28,35,2011-10-28,977.5,False
2011-10-28,4,2011-10-28,4525.0,False
2011-10-28,19,2011-10-28,2745.0,False
2011-10-28,15,2011-10-28,610.0,False
2011-10-28,29,2011-10-28,67.5,False
2011-10-28,13,2011-10-28,6630.0,False
2011-10-28,11,2011-10-28,2412.5,False
2011-10-28,7,2011-10-28,950.0,False
2011-10-28,25,2011-10-28,585.0,False
2011-10-28,2,2011-10-28,19319.0,False
2011-10-28,17,2011-10-28,1570.0,False
2011-10-28,45,2011-10-28,67.5,False
2011-10-28,1,2011-10-28,800.0,False
2011-10-28,28,2011-10-28,3337.5,False
2011-11-04,12,2011-11-04,2605.0,False
2011-11-04,21,2011-11-04,685.0,False
2011-11-04,15,2011-11-04,270.0,False
2011-11-04,22,2011-11-04,865.0,False
2011-11-04,8,2011-11-04,770.0,False
2011-11-04,2,2011-11-04,22770.0,False
2011-11-04,1,2011-11-04,1110.0,False
2011-11-04,7,2011-11-04,800.0,False
2011-11-04,14,2011-11-04,9475.0,False
2011-11-04,20,2011-11-04,8390.0,False
2011-11-04,13,2011-11-04,4817.5,False
2011-11-04,10,2011-11-04,4745.0,False
2011-11-04,11,2011-11-04,1922.5,False
2011-11-04,29,2011-11-04,310.0,False
2011-11-04,39,2011-11-04,995.0,False
2011-11-04,4,2011-11-04,9055.0,False
2011-11-04,45,2011-11-04,755.0,False
2011-11-04,17,2011-11-04,940.0,False
2011-11-04,19,2011-11-04,3090.0,False
2011-11-04,28,2011-11-04,5237.5,False
2011-11-04,31,2011-11-04,2420.0,False
2011-11-04,40,2011-11-04,1485.0,False
2011-11-04,24,2011-11-04,975.0,False
2011-11-04,41,2011-11-04,4762.5,False
2011-11-04,6,2011-11-04,3990.0,False
2011-11-04,32,2011-11-04,1155.0,False
2011-11-04,18,2011-11-04,635.0,False
2011-11-04,25,2011-11-04,560.0,False
2011-11-04,23,2011-11-04,3070.0,False
2011-11-11,45,2011-11-11,730.0,False
2011-11-11,5,2011-11-11,755.0,False
2011-11-11,6,2011-11-11,3175.0,False
2011-11-11,19,2011-11-11,2930.0,False
2011-11-11,15,2011-11-11,530.0,False
2011-11-11,11,2011-11-11,2147.5,False
2011-11-11,41,2011-11-11,3137.5,False
2011-11-11,12,2011-11-11,940.0,False
2011-11-11,27,2011-11-11,280.0,False
2011-11-11,4,2011-11-11,7420.0,False
2011-11-11,29,2011-11-11,460.0,False
2011-11-11,32,2011-11-11,565.0,False
2011-11-11,21,2011-11-11,400.0,False
2011-11-11,10,2011-11-11,4425.0,False
2011-11-11,40,2011-11-11,3525.0,False
2011-11-11,31,2011-11-11,1405.0,False
2011-11-11,17,2011-11-11,730.0,False
2011-11-11,24,2011-11-11,2100.0,False
2011-11-11,39,2011-11-11,830.0,False
2011-11-11,18,2011-11-11,2442.5,False
2011-11-11,2,2011-11-11,22532.0,False
2011-11-11,13,2011-11-11,4432.5,False
2011-11-11,23,2011-11-11,1890.0,False
2011-11-11,25,2011-11-11,360.0,False
2011-11-11,22,2011-11-11,2575.0,False
2011-11-11,28,2011-11-11,3152.5,False
2011-11-11,14,2011-11-11,8727.5,False
2011-11-11,20,2011-11-11,2420.0,False
2011-11-11,1,2011-11-11,4770.0,False
2011-11-11,7,2011-11-11,900.0,False
2011-11-11,8,2011-11-11,605.0,False
2011-11-18,7,2011-11-18,800.0,False
2011-11-18,5,2011-11-18,630.0,False
2011-11-18,19,2011-11-18,3090.0,False
2011-11-18,21,2011-11-18,425.0,False
2011-11-18,25,2011-11-18,505.0,False
2011-11-18,2,2011-11-18,36095.0,False
2011-11-18,45,2011-11-18,955.0,False
2011-11-18,8,2011-11-18,515.0,False
2011-11-18,17,2011-11-18,1010.0,False
2011-11-18,13,2011-11-18,9467.5,False
2011-11-18,32,2011-11-18,1710.0,False
2011-11-18,39,2011-11-18,1330.0,False
2011-11-18,27,2011-11-18,830.0,False
2011-11-18,31,2011-11-18,1875.0,False
2011-11-18,6,2011-11-18,715.0,False
2011-11-18,35,2011-11-18,360.0,False
2011-11-18,1,2011-11-18,2900.0,False
2011-11-18,12,2011-11-18,1572.5,False
2011-11-18,10,2011-11-18,2535.0,False
2011-11-18,23,2011-11-18,2330.0,False
2011-11-18,14,2011-11-18,9315.0,False
2011-11-18,28,2011-11-18,5290.0,False
2011-11-18,22,2011-11-18,1200.0,False
2011-11-18,18,2011-11-18,1260.0,False
2011-11-18,4,2011-11-18,4560.0,False
2011-11-18,41,2011-11-18,4000.0,False
2011-11-18,24,2011-11-18,1050.0,False
2011-11-18,40,2011-11-18,1870.0,False
2011-11-18,20,2011-11-18,1095.0,False
2011-11-18,11,2011-11-18,1512.5,False
2011-11-25,20,2011-11-25,7100.0,True
2011-11-25,15,2011-11-25,285.0,True
2011-11-25,21,2011-11-25,1317.5,True
2011-11-25,28,2011-11-25,4195.0,True
2011-11-25,1,2011-11-25,1780.0,True
2011-11-25,25,2011-11-25,955.0,True
2011-11-25,5,2011-11-25,180.0,True
2011-11-25,8,2011-11-25,1770.0,True
2011-11-25,13,2011-11-25,11772.5,True
2011-11-25,2,2011-11-25,37631.0,True
2011-11-25,39,2011-11-25,2880.0,True
2011-11-25,41,2011-11-25,8192.5,True
2011-11-25,17,2011-11-25,1700.0,True
2011-11-25,31,2011-11-25,5770.0,True
2011-11-25,24,2011-11-25,570.0,True
2011-11-25,18,2011-11-25,1842.5,True
2011-11-25,22,2011-11-25,1600.0,True
2011-11-25,10,2011-11-25,2470.0,True
2011-11-25,11,2011-11-25,2475.0,True
2011-11-25,35,2011-11-25,1155.0,True
2011-11-25,40,2011-11-25,2420.0,True
2011-11-25,6,2011-11-25,3460.0,True
2011-11-25,7,2011-11-25,800.0,True
2011-11-25,32,2011-11-25,4815.0,True
2011-11-25,29,2011-11-25,37.5,True
2011-11-25,45,2011-11-25,1050.0,True
2011-11-25,4,2011-11-25,4370.0,True
2011-11-25,27,2011-11-25,1090.0,True
2011-11-25,19,2011-11-25,3260.0,True
2011-11-25,23,2011-11-25,4195.0,True
2011-11-25,14,2011-11-25,9575.0,True
2011-11-25,12,2011-11-25,3327.5,True
2011-12-02,27,2011-12-02,230.0,False
2011-12-02,31,2011-12-02,2787.5,False
2011-12-02,40,2011-12-02,6655.0,False
2011-12-02,32,2011-12-02,2635.0,False
2011-12-02,41,2011-12-02,13450.0,False
2011-12-02,45,2011-12-02,2227.5,False
2011-12-02,39,2011-12-02,6190.0,False
2011-12-02,28,2011-12-02,5057.0,False
2011-12-02,35,2011-12-02,1955.0,False
2011-12-02,1,2011-12-02,3732.0,False
2011-12-02,20,2011-12-02,5780.0,False
2011-12-02,21,2011-12-02,1210.0,False
2011-12-02,12,2011-12-02,4707.5,False
2011-12-02,15,2011-12-02,1820.0,False
2011-12-02,7,2011-12-02,1370.0,False
2011-12-02,8,2011-12-02,460.0,False
2011-12-02,19,2011-12-02,3060.0,False
2011-12-02,24,2011-12-02,3090.0,False
2011-12-02,17,2011-12-02,3080.0,False
2011-12-02,13,2011-12-02,17300.0,False
2011-12-02,2,2011-12-02,34162.5,False
2011-12-02,22,2011-12-02,3432.5,False
2011-12-02,11,2011-12-02,4075.0,False
2011-12-02,14,2011-12-02,11640.0,False
2011-12-02,4,2011-12-02,6430.0,False
2011-12-02,23,2011-12-02,2775.0,False
2011-12-02,10,2011-12-02,6045.0,False
2011-12-02,6,2011-12-02,5370.0,False
2011-12-02,25,2011-12-02,1175.0,False
2011-12-02,18,2011-12-02,3350.0,False
2011-12-09,32,2011-12-09,3247.5,False
2011-12-09,28,2011-12-09,6195.0,False
2011-12-09,29,2011-12-09,37.5,False
2011-12-09,18,2011-12-09,1467.5,False
2011-12-09,40,2011-12-09,5910.0,False
2011-12-09,19,2011-12-09,2265.0,False
2011-12-09,17,2011-12-09,2800.0,False
2011-12-09,5,2011-12-09,685.0,False
2011-12-09,21,2011-12-09,1167.5,False
2011-12-09,45,2011-12-09,797.5,False
2011-12-09,31,2011-12-09,5310.0,False
2011-12-09,15,2011-12-09,730.0,False
2011-12-09,22,2011-12-09,6745.0,False
2011-12-09,14,2011-12-09,11405.0,False
2011-12-09,20,2011-12-09,2840.0,False
2011-12-09,23,2011-12-09,3005.0,False
2011-12-09,41,2011-12-09,4887.5,False
2011-12-09,10,2011-12-09,2502.5,False
2011-12-09,35,2011-12-09,2262.5,False
2011-12-09,11,2011-12-09,3780.0,False
2011-12-09,27,2011-12-09,2795.0,False
2011-12-09,1,2011-12-09,5815.0,False
2011-12-09,7,2011-12-09,385.0,False
2011-12-09,39,2011-12-09,3165.0,False
2011-12-09,8,2011-12-09,2290.0,False
2011-12-09,12,2011-12-09,865.0,False
2011-12-09,4,2011-12-09,4070.0,False
2011-12-09,13,2011-12-09,9267.5,False
2011-12-09,2,2011-12-09,33703.5,False
2011-12-09,24,2011-12-09,3035.0,False
2011-12-09,6,2011-12-09,6075.0,False
2011-12-16,24,2011-12-16,1335.0,False
2011-12-16,19,2011-12-16,2230.0,False
2011-12-16,1,2011-12-16,3735.0,False
2011-12-16,4,2011-12-16,5585.0,False
2011-12-16,21,2011-12-16,1010.0,False
2011-12-16,18,2011-12-16,2202.5,False
2011-12-16,28,2011-12-16,4385.0,False
2011-12-16,20,2011-12-16,5390.0,False
2011-12-16,22,2011-12-16,2980.0,False
2011-12-16,2,2011-12-16,33704.0,False
2011-12-16,39,2011-12-16,1210.0,False
2011-12-16,11,2011-12-16,3417.5,False
2011-12-16,12,2011-12-16,467.5,False
2011-12-16,13,2011-12-16,7207.5,False
2011-12-16,25,2011-12-16,890.0,False
2011-12-16,14,2011-12-16,9293.97,False
2011-12-16,6,2011-12-16,2555.0,False
2011-12-16,35,2011-12-16,2937.5,False
2011-12-16,8,2011-12-16,925.0,False
2011-12-16,10,2011-12-16,4190.0,False
2011-12-16,15,2011-12-16,720.0,False
2011-12-16,41,2011-12-16,5380.0,False
2011-12-16,40,2011-12-16,3955.0,False
2011-12-16,16,2011-12-16,600.0,False
2011-12-16,17,2011-12-16,930.0,False
2011-12-16,45,2011-12-16,1610.0,False
2011-12-16,23,2011-12-16,1710.0,False
2011-12-16,31,2011-12-16,2400.0,False
2011-12-16,32,2011-12-16,3122.5,False
2011-12-16,27,2011-12-16,1800.0,False
2011-12-23,21,2011-12-23,1565.0,False
2011-12-23,2,2011-12-23,43696.5,False
2011-12-23,22,2011-12-23,3690.0,False
2011-12-23,27,2011-12-23,230.0,False
2011-12-23,28,2011-12-23,6300.0,False
2011-12-23,31,2011-12-23,3780.0,False
2011-12-23,20,2011-12-23,7520.0,False
2011-12-23,10,2011-12-23,5152.5,False
2011-12-23,35,2011-12-23,4370.0,False
2011-12-23,11,2011-12-23,4880.0,False
2011-12-23,8,2011-12-23,1370.0,False
2011-12-23,39,2011-12-23,2380.0,False
2011-12-23,12,2011-12-23,3400.0,False
2011-12-23,13,2011-12-23,14770.0,False
2011-12-23,14,2011-12-23,16455.0,False
2011-12-23,41,2011-12-23,8102.5,False
2011-12-23,7,2011-12-23,605.0,False
2011-12-23,15,2011-12-23,2740.0,False
2011-12-23,40,2011-12-23,6055.0,False
2011-12-23,17,2011-12-23,1795.0,False
2011-12-23,6,2011-12-23,4370.0,False
2011-12-23,18,2011-12-23,3042.5,False
2011-12-23,5,2011-12-23,355.0,False
2011-12-23,19,2011-12-23,6645.0,False
2011-12-23,4,2011-12-23,6840.0,False
2011-12-23,32,2011-12-23,2225.0,False
2011-12-23,23,2011-12-23,2325.0,False
2011-12-23,25,2011-12-23,410.0,False
2011-12-23,24,2011-12-23,2310.0,False
2011-12-23,1,2011-12-23,6950.0,False
2011-12-23,45,2011-12-23,940.0,False
2011-12-30,40,2011-12-30,3830.0,True
2011-12-30,24,2011-12-30,600.0,True
2011-12-30,1,2011-12-30,3420.0,True
2011-12-30,41,2011-12-30,3622.5,True
2011-12-30,15,2011-12-30,1130.0,True
2011-12-30,28,2011-12-30,4112.5,True
2011-12-30,32,2011-12-30,550.0,True
2011-12-30,21,2011-12-30,1875.0,True
2011-12-30,7,2011-12-30,485.0,True
2011-12-30,14,2011-12-30,12037.5,True
2011-12-30,13,2011-12-30,9650.0,True
2011-12-30,22,2011-12-30,3955.0,True
2011-12-30,39,2011-12-30,495.0,True
2011-12-30,11,2011-12-30,2747.5,True
2011-12-30,8,2011-12-30,970.0,True
2011-12-30,35,2011-12-30,1980.0,True
2011-12-30,27,2011-12-30,2115.0,True
2011-12-30,5,2011-12-30,405.0,True
2011-12-30,6,2011-12-30,3910.0,True
2011-12-30,19,2011-12-30,2245.0,True
2011-12-30,18,2011-12-30,1065.0,True
2011-12-30,31,2011-12-30,2965.0,True
2011-12-30,45,2011-12-30,895.0,True
2011-12-30,4,2011-12-30,3805.0,True
2011-12-30,23,2011-12-30,1300.0,True
2011-12-30,2,2011-12-30,23347.5,True
2011-12-30,10,2011-12-30,3367.5,True
2011-12-30,17,2011-12-30,1065.0,True
2011-12-30,20,2011-12-30,1920.0,True
